datetime,unix,open,high,low,close,volume
2020-08-11 12:00:00,1597118400000,2.85,3.47,2.85,2.9224,62101.63
2020-08-11 16:00:00,1597132800000,2.9626,3.1,2.8433,3.0497,89812.46
2020-08-11 20:00:00,1597147200000,3.0497,3.5208,2.8625,3.19,902874.94
2020-08-12 00:00:00,1597161600000,3.1751,3.384,3.1143,3.1886,254050.22
2020-08-12 04:00:00,1597176000000,3.1938,3.3191,2.95,3.2985,243545.53
2020-08-12 08:00:00,1597190400000,3.2985,3.32,3.08,3.2802,226276.63
2020-08-12 12:00:00,1597204800000,3.2802,3.3661,3.1323,3.3661,188444.93
2020-08-12 16:00:00,1597219200000,3.3577,3.9289,3.35,3.6842,795196.72
2020-08-12 20:00:00,1597233600000,3.6733,3.9,3.6434,3.7678,267541.97
2020-08-13 00:00:00,1597248000000,3.7704,3.8423,3.6,3.6788,173511.5
2020-08-13 04:00:00,1597262400000,3.6788,3.8225,3.6652,3.7558,86071.2
2020-08-13 08:00:00,1597276800000,3.75,3.8512,3.5537,3.7593,186203.13
2020-08-13 12:00:00,1597291200000,3.7404,4.1387,3.6243,4.0785,335027.51
2020-08-13 16:00:00,1597305600000,4.0946,4.1222,3.5003,3.87,548093.97
2020-08-13 20:00:00,1597320000000,3.87,4.0555,3.8,3.8065,256999.54
2020-08-14 00:00:00,1597334400000,3.8065,3.9645,3.7698,3.8566,144099.38
2020-08-14 04:00:00,1597348800000,3.8549,3.87,3.5385,3.73,215335.71
2020-08-14 08:00:00,1597363200000,3.7207,3.7676,3.5717,3.625,185069.51
2020-08-14 12:00:00,1597377600000,3.6251,3.7517,3.5,3.55,221772.67
2020-08-14 16:00:00,1597392000000,3.5327,3.7598,3.4267,3.7173,378167.48
2020-08-14 20:00:00,1597406400000,3.7036,3.7133,3.5106,3.5788,209465.81
2020-08-15 00:00:00,1597420800000,3.5753,3.5881,3.321,3.3792,337259.47
2020-08-15 04:00:00,1597435200000,3.3792,3.4897,3.3321,3.4099,142426.85
2020-08-15 08:00:00,1597449600000,3.4181,3.4242,3.1874,3.3289,194423.41
2020-08-15 12:00:00,1597464000000,3.3305,3.5713,3.163,3.5215,325200.11
2020-08-15 16:00:00,1597478400000,3.5216,3.74,3.4477,3.45,263252.49
2020-08-15 20:00:00,1597492800000,3.4527,3.4852,3.38,3.4324,97809.11
2020-08-16 00:00:00,1597507200000,3.4547,3.4654,3.34,3.3684,71241.36
2020-08-16 04:00:00,1597521600000,3.3684,3.4727,3.15,3.173,118306.72
2020-08-16 08:00:00,1597536000000,3.173,3.2602,3.12,3.1955,169706.83
2020-08-16 12:00:00,1597550400000,3.192,3.4907,3.1697,3.4401,195490.3
2020-08-16 16:00:00,1597564800000,3.4401,3.47,3.34,3.4193,112899.67
2020-08-16 20:00:00,1597579200000,3.4193,3.4427,3.34,3.3872,89743.61
2020-08-17 00:00:00,1597593600000,3.3911,3.4726,3.379,3.4071,65724.85
2020-08-17 04:00:00,1597608000000,3.4115,3.4426,3.36,3.3885,34541.27
2020-08-17 08:00:00,1597622400000,3.3885,3.3952,3.3235,3.3502,87476.01
2020-08-17 12:00:00,1597636800000,3.3551,3.3666,3.2,3.2001,173481.74
2020-08-17 16:00:00,1597651200000,3.2034,3.3234,3.2002,3.2891,100401.83
2020-08-17 20:00:00,1597665600000,3.2891,3.2934,3.1,3.1264,174288.9
2020-08-18 00:00:00,1597680000000,3.1347,3.215,3.11,3.1541,135874.82
2020-08-18 04:00:00,1597694400000,3.1546,3.2,3.1,3.11,57890.34
2020-08-18 08:00:00,1597708800000,3.11,3.1277,3.0,3.0328,243087.75
2020-08-18 12:00:00,1597723200000,3.0208,3.0671,2.878,2.99,217268.31
2020-08-18 16:00:00,1597737600000,2.99,3.25,2.91,3.0672,309120.92
2020-08-18 20:00:00,1597752000000,3.0501,3.7092,2.8105,3.3621,1374229.97
2020-08-19 00:00:00,1597766400000,3.3777,3.5832,3.258,3.5289,417949.42
2020-08-19 04:00:00,1597780800000,3.5289,3.5543,3.32,3.3407,151459.57
2020-08-19 08:00:00,1597795200000,3.334,3.49,3.0814,3.1075,290125.3
2020-08-19 12:00:00,1597809600000,3.1001,3.1427,2.8,3.0375,428619.05
2020-08-19 16:00:00,1597824000000,3.0376,3.1799,3.0,3.01,165070.34
2020-08-19 20:00:00,1597838400000,3.01,3.1307,2.98,3.008,197297.44
2020-08-20 00:00:00,1597852800000,2.9955,3.0291,2.9012,2.9404,180547.77
2020-08-20 04:00:00,1597867200000,2.9407,2.9735,2.82,2.8868,171583.86
2020-08-20 08:00:00,1597881600000,2.8962,3.053,2.8871,2.9291,113584.78
2020-08-20 12:00:00,1597896000000,2.9291,3.0493,2.92,2.998,112596.52
2020-08-20 16:00:00,1597910400000,2.9955,3.1898,2.9895,3.1508,231282.31
2020-08-20 20:00:00,1597924800000,3.151,3.35,3.109,3.3254,225160.02
2020-08-21 00:00:00,1597939200000,3.3441,3.445,3.18,3.3261,369624.9
2020-08-21 04:00:00,1597953600000,3.3333,3.4106,3.1461,3.2038,225578.79
2020-08-21 08:00:00,1597968000000,3.2038,3.24,3.1104,3.16,211500.59
2020-08-21 12:00:00,1597982400000,3.1599,3.2168,3.0,3.0718,247316.45
2020-08-21 16:00:00,1597996800000,3.0617,3.1377,3.0185,3.0918,188310.47
2020-08-21 20:00:00,1598011200000,3.0918,3.1636,2.9738,3.0127,236806.21
2020-08-22 00:00:00,1598025600000,3.0149,3.0812,2.9877,3.0483,81401.46
2020-08-22 04:00:00,1598040000000,3.0483,3.1137,2.89,2.9317,166560.72
2020-08-22 08:00:00,1598054400000,2.9213,2.9386,2.8,2.814,226775.5
2020-08-22 12:00:00,1598068800000,2.82,2.8463,2.7431,2.805,259927.98
2020-08-22 16:00:00,1598083200000,2.8029,2.8655,2.7876,2.8599,108202.73
2020-08-22 20:00:00,1598097600000,2.8599,3.16,2.8586,3.061,391064.64
2020-08-23 00:00:00,1598112000000,3.0601,3.2,3.039,3.0536,110838.62
2020-08-23 04:00:00,1598126400000,3.0536,3.0661,2.979,3.0126,72608.31
2020-08-23 08:00:00,1598140800000,3.0224,3.2857,3.0014,3.1121,226040.75
2020-08-23 12:00:00,1598155200000,3.1122,3.2111,3.0483,3.0723,160092.56
2020-08-23 16:00:00,1598169600000,3.07,3.0782,3.0258,3.034,94823.86
2020-08-23 20:00:00,1598184000000,3.034,3.1301,3.0073,3.1301,102542.04
2020-08-24 00:00:00,1598198400000,3.1299,3.4,3.1105,3.3917,433321.17
2020-08-24 04:00:00,1598212800000,3.399,3.4,3.1949,3.25,181216.31
2020-08-24 08:00:00,1598227200000,3.2658,3.3711,3.2144,3.285,90708.98
2020-08-24 12:00:00,1598241600000,3.285,3.4849,3.2572,3.4479,215266.95
2020-08-24 16:00:00,1598256000000,3.4478,3.62,3.326,3.4632,441025.11
2020-08-24 20:00:00,1598270400000,3.4707,3.5727,3.3888,3.4696,176644.5
2020-08-25 00:00:00,1598284800000,3.4696,3.5363,3.25,3.2812,250663.94
2020-08-25 04:00:00,1598299200000,3.2768,3.356,3.21,3.3405,140886.58
2020-08-25 08:00:00,1598313600000,3.3406,3.3654,3.1421,3.1503,227524.71
2020-08-25 12:00:00,1598328000000,3.1506,3.2259,3.0601,3.1508,167027.35
2020-08-25 16:00:00,1598342400000,3.15,3.2379,3.0691,3.18,144220.86
2020-08-25 20:00:00,1598356800000,3.18,3.2294,3.0001,3.11,275566.05
2020-08-26 00:00:00,1598371200000,3.11,3.2495,3.0445,3.12,251984.77
2020-08-26 04:00:00,1598385600000,3.1215,3.2854,3.1,3.25,82863.63
2020-08-26 08:00:00,1598400000000,3.2576,3.4136,3.1809,3.378,188399.5
2020-08-26 12:00:00,1598414400000,3.37,3.5769,3.2836,3.443,573862.6
2020-08-26 16:00:00,1598428800000,3.443,3.614,3.3288,3.605,342811.69
2020-08-26 20:00:00,1598443200000,3.605,3.6886,3.4097,3.6567,559029.03
2020-08-27 00:00:00,1598457600000,3.6487,3.7999,3.59,3.627,417276.31
2020-08-27 04:00:00,1598472000000,3.6342,3.68,3.5,3.5684,208651.43
2020-08-27 08:00:00,1598486400000,3.5557,3.644,3.4761,3.5037,228854.3
2020-08-27 12:00:00,1598500800000,3.4901,3.8,3.39,3.697,436100.01
2020-08-27 16:00:00,1598515200000,3.6991,3.8575,3.3,3.4078,669968.94
2020-08-27 20:00:00,1598529600000,3.4078,3.8,3.315,3.4623,718307.42
2020-08-28 00:00:00,1598544000000,3.4623,3.5293,3.2434,3.3735,254107.37
2020-08-28 04:00:00,1598558400000,3.3674,3.4632,3.3246,3.4501,105636.76
2020-08-28 08:00:00,1598572800000,3.4503,3.8,3.4503,3.7605,344390.29
2020-08-28 12:00:00,1598587200000,3.7605,3.81,3.6,3.67,381784.7
2020-08-28 16:00:00,1598601600000,3.6654,3.95,3.6467,3.9479,361073.39
2020-08-28 20:00:00,1598616000000,3.9444,3.9673,3.8128,3.8769,321875.04
2020-08-29 00:00:00,1598630400000,3.8769,4.3,3.82,4.1871,654077.37
2020-08-29 04:00:00,1598644800000,4.1875,4.3091,3.8972,4.0063,518736.05
2020-08-29 08:00:00,1598659200000,4.007,4.1121,3.8751,3.9382,228460.55
2020-08-29 12:00:00,1598673600000,3.9382,3.9676,3.7911,3.794,293294.11
2020-08-29 16:00:00,1598688000000,3.794,4.0058,3.7748,3.8989,208600.6
2020-08-29 20:00:00,1598702400000,3.8989,4.0667,3.8663,4.0502,242645.83
2020-08-30 00:00:00,1598716800000,4.0381,4.1119,3.8701,3.97,248146.06
2020-08-30 04:00:00,1598731200000,3.97,4.08,3.9362,3.9535,121697.05
2020-08-30 08:00:00,1598745600000,3.9531,4.0262,3.9,4.0227,176285.68
2020-08-30 12:00:00,1598760000000,4.0085,4.3645,3.9923,4.31,384189.82
2020-08-30 16:00:00,1598774400000,4.31,4.5848,4.2843,4.5585,474718.47
2020-08-30 20:00:00,1598788800000,4.55,4.7117,4.362,4.4275,436077.84
2020-08-31 00:00:00,1598803200000,4.4185,4.6253,4.4,4.53,166780.29
2020-08-31 04:00:00,1598817600000,4.5397,4.6029,4.352,4.4309,177629.89
2020-08-31 08:00:00,1598832000000,4.4127,4.551,4.2787,4.339,194842.58
2020-08-31 12:00:00,1598846400000,4.3326,4.35,4.1,4.1058,225574.27
2020-08-31 16:00:00,1598860800000,4.1058,4.29,4.1028,4.2768,162408.44
2020-08-31 20:00:00,1598875200000,4.2708,4.5,4.1439,4.3641,229324.19
2020-09-01 00:00:00,1598889600000,4.364,4.7999,4.282,4.7997,288069.03
2020-09-01 04:00:00,1598904000000,4.7879,4.8865,4.5373,4.7435,396910.61
2020-09-01 08:00:00,1598918400000,4.7432,4.7948,4.5,4.7564,320890.22
2020-09-01 12:00:00,1598932800000,4.7466,4.9475,4.574,4.69,340468.28
2020-09-01 16:00:00,1598947200000,4.69,4.7469,4.513,4.5225,158650.95
2020-09-01 20:00:00,1598961600000,4.5108,4.6,4.4409,4.4575,161713.64
2020-09-02 00:00:00,1598976000000,4.4645,4.6232,4.4311,4.5959,164799.11
2020-09-02 04:00:00,1598990400000,4.5959,4.6275,4.3,4.3397,121052.56
2020-09-02 08:00:00,1599004800000,4.3213,4.3498,4.19,4.3492,227460.93
2020-09-02 12:00:00,1599019200000,4.3345,4.3506,4.21,4.2366,181943.48
2020-09-02 16:00:00,1599033600000,4.2366,4.2626,3.66,4.0717,859418.37
2020-09-02 20:00:00,1599048000000,4.0855,4.1505,3.8553,4.0811,419301.99
2020-09-03 00:00:00,1599062400000,4.0811,4.1654,3.8581,4.0782,208405.34
2020-09-03 04:00:00,1599076800000,4.0782,4.195,3.9911,4.17,105528.25
2020-09-03 08:00:00,1599091200000,4.17,4.1794,3.881,3.8978,205064.5
2020-09-03 12:00:00,1599105600000,3.8977,4.38,3.8686,4.3796,459902.56
2020-09-03 16:00:00,1599120000000,4.3729,4.459,4.0,4.1181,696131.99
2020-09-03 20:00:00,1599134400000,4.1083,4.1332,3.5,3.8026,1250641.6
2020-09-04 00:00:00,1599148800000,3.8022,4.04,3.7401,3.8521,359180.79
2020-09-04 04:00:00,1599163200000,3.8465,4.0,3.4772,3.5051,304690.82
2020-09-04 08:00:00,1599177600000,3.5062,3.8346,3.4897,3.6169,531858.59
2020-09-04 12:00:00,1599192000000,3.6171,3.82,3.4734,3.5284,420222.55
2020-09-04 16:00:00,1599206400000,3.5256,3.8031,3.5256,3.5727,228569.85
2020-09-04 20:00:00,1599220800000,3.5704,3.6633,3.1739,3.3369,570903.46
2020-09-05 00:00:00,1599235200000,3.3374,3.538,3.25,3.5249,198179.63
2020-09-05 04:00:00,1599249600000,3.5376,3.7,3.52,3.5301,102463.16
2020-09-05 08:00:00,1599264000000,3.5301,3.6637,3.5301,3.553,154001.35
2020-09-05 12:00:00,1599278400000,3.5531,3.5974,3.35,3.3853,170886.86
2020-09-05 16:00:00,1599292800000,3.3854,3.3912,2.0926,2.4784,2038590.26
2020-09-05 20:00:00,1599307200000,2.4826,2.832,2.3758,2.65,1123925.4
2020-09-06 00:00:00,1599321600000,2.6581,2.7891,2.2466,2.3455,734928.47
2020-09-06 04:00:00,1599336000000,2.337,2.6596,2.326,2.6052,203935.04
2020-09-06 08:00:00,1599350400000,2.6119,2.7999,2.2575,2.3044,543986.94
2020-09-06 12:00:00,1599364800000,2.3119,2.79,2.2742,2.788,592757.39
2020-09-06 16:00:00,1599379200000,2.7809,2.9522,2.6335,2.9485,759049.4
2020-09-06 20:00:00,1599393600000,2.9485,3.1389,2.7661,2.8906,605755.59
2020-09-07 00:00:00,1599408000000,2.8911,3.0712,2.8497,2.9615,226748.07
2020-09-07 04:00:00,1599422400000,2.96,3.18,2.9372,3.0941,170461.52
2020-09-07 08:00:00,1599436800000,3.0785,3.1983,2.8671,2.9213,280112.12
2020-09-07 12:00:00,1599451200000,2.9282,2.959,2.7815,2.8097,319957.39
2020-09-07 16:00:00,1599465600000,2.8012,2.8932,2.5,2.53,561324.01
2020-09-07 20:00:00,1599480000000,2.5395,2.752,2.38,2.6955,987810.67
2020-09-08 00:00:00,1599494400000,2.6957,2.809,2.6,2.7,345979.59
2020-09-08 04:00:00,1599508800000,2.7089,2.94,2.65,2.9237,184899.39
2020-09-08 08:00:00,1599523200000,2.9237,2.9499,2.7445,2.76,195228.86
2020-09-08 12:00:00,1599537600000,2.76,2.767,2.5926,2.6606,291970.68
2020-09-08 16:00:00,1599552000000,2.663,2.6999,2.4462,2.4782,290456.7
2020-09-08 20:00:00,1599566400000,2.4635,2.5802,2.4053,2.5109,401646.77
2020-09-09 00:00:00,1599580800000,2.5111,2.5731,2.401,2.447,223078.91
2020-09-09 04:00:00,1599595200000,2.4451,2.52,2.4,2.468,224007.78
2020-09-09 08:00:00,1599609600000,2.468,2.4994,2.3821,2.4056,211643.74
2020-09-09 12:00:00,1599624000000,2.4079,2.585,2.3947,2.57,173274.8
2020-09-09 16:00:00,1599638400000,2.5652,2.7836,2.5379,2.7006,466076.79
2020-09-09 20:00:00,1599652800000,2.7056,3.8838,2.6166,3.4599,3630311.7
2020-09-10 00:00:00,1599667200000,3.4559,3.6,3.185,3.4396,1475263.97
2020-09-10 04:00:00,1599681600000,3.4354,3.6476,3.3357,3.6001,734550.99
2020-09-10 08:00:00,1599696000000,3.6107,3.7,3.4273,3.55,660832.45
2020-09-10 12:00:00,1599710400000,3.549,3.875,3.3351,3.4001,1240896.91
2020-09-10 16:00:00,1599724800000,3.4001,3.6011,3.304,3.5488,698020.24
2020-09-10 20:00:00,1599739200000,3.5393,3.85,3.4478,3.5358,1151327.82
2020-09-11 00:00:00,1599753600000,3.5358,3.5669,3.345,3.3998,421443.83
2020-09-11 04:00:00,1599768000000,3.4,3.5,3.3551,3.4761,184369.41
2020-09-11 08:00:00,1599782400000,3.4707,3.5036,3.0316,3.0851,606535.34
2020-09-11 12:00:00,1599796800000,3.0801,3.2586,3.0425,3.181,496342.9
2020-09-11 16:00:00,1599811200000,3.1811,3.2929,3.1087,3.1152,325275.75
2020-09-11 20:00:00,1599825600000,3.1101,3.3399,3.1069,3.2556,341244.45
2020-09-12 00:00:00,1599840000000,3.2556,3.42,3.2421,3.3082,332202.28
2020-09-12 04:00:00,1599854400000,3.3155,3.45,3.3025,3.3965,126036.22
2020-09-12 08:00:00,1599868800000,3.3967,3.409,3.3137,3.3274,147980.9
2020-09-12 12:00:00,1599883200000,3.3276,3.3424,3.1904,3.244,191464.09
2020-09-12 16:00:00,1599897600000,3.2499,3.3396,3.1494,3.322,253062.19
2020-09-12 20:00:00,1599912000000,3.32,3.3245,3.1918,3.2672,196911.01
2020-09-13 00:00:00,1599926400000,3.275,3.4623,3.2665,3.4579,223008.55
2020-09-13 04:00:00,1599940800000,3.4579,3.47,3.3056,3.3316,149115.73
2020-09-13 08:00:00,1599955200000,3.3386,3.3392,3.245,3.2951,194159.13
2020-09-13 12:00:00,1599969600000,3.2931,3.3498,3.241,3.3108,374761.9
2020-09-13 16:00:00,1599984000000,3.3093,3.47,3.145,3.1669,680003.9
2020-09-13 20:00:00,1599998400000,3.1633,3.1873,3.0232,3.08,440939.9
2020-09-14 00:00:00,1600012800000,3.0799,3.1982,2.9838,3.1619,243039.1
2020-09-14 04:00:00,1600027200000,3.1619,3.2711,3.1295,3.2603,91875.48
2020-09-14 08:00:00,1600041600000,3.2656,3.2656,3.0752,3.1463,208908.96
2020-09-14 12:00:00,1600056000000,3.1461,3.41,3.0938,3.3711,693254.11
2020-09-14 16:00:00,1600070400000,3.371,3.5393,3.2222,3.376,1119101.54
2020-09-14 20:00:00,1600084800000,3.3759,3.4888,3.314,3.3839,597900.09
2020-09-15 00:00:00,1600099200000,3.38,3.42,3.25,3.2958,473083.12
2020-09-15 04:00:00,1600113600000,3.2959,3.3505,3.24,3.2641,259401.79
2020-09-15 08:00:00,1600128000000,3.264,3.3249,3.24,3.2528,237675.27
2020-09-15 12:00:00,1600142400000,3.2507,3.2787,3.15,3.1861,230791.7
2020-09-15 16:00:00,1600156800000,3.1819,3.2477,3.1251,3.2435,264472.64
2020-09-15 20:00:00,1600171200000,3.2351,3.3,2.99,3.0847,444317.47
2020-09-16 00:00:00,1600185600000,3.0768,3.129,3.0242,3.0442,198122.08
2020-09-16 04:00:00,1600200000000,3.0426,3.1254,2.8955,2.9295,323011.93
2020-09-16 08:00:00,1600214400000,2.9288,2.9293,2.5,2.6918,1179677.16
2020-09-16 12:00:00,1600228800000,2.691,2.7629,2.6185,2.744,672856.94
2020-09-16 16:00:00,1600243200000,2.7425,2.7458,2.5251,2.5883,684852.74
2020-09-16 20:00:00,1600257600000,2.5806,2.6233,2.4282,2.5405,1119594.57
2020-09-17 00:00:00,1600272000000,2.5414,2.6657,2.475,2.531,535479.1
2020-09-17 04:00:00,1600286400000,2.5311,2.5759,2.5038,2.5327,694306.48
2020-09-17 08:00:00,1600300800000,2.5376,2.6997,2.4649,2.4835,953974.53
2020-09-17 12:00:00,1600315200000,2.4804,2.6042,2.4707,2.53,524153.74
2020-09-17 16:00:00,1600329600000,2.531,2.5797,2.36,2.5449,986943.88
2020-09-17 20:00:00,1600344000000,2.537,2.69,2.5051,2.6053,922745.54
2020-09-18 00:00:00,1600358400000,2.6053,2.779,2.5987,2.769,531326.19
2020-09-18 04:00:00,1600372800000,2.769,2.9389,2.718,2.8829,716603.43
2020-09-18 08:00:00,1600387200000,2.883,2.96,2.726,2.8811,629538.86
2020-09-18 12:00:00,1600401600000,2.881,2.9961,2.795,2.955,552046.62
2020-09-18 16:00:00,1600416000000,2.9499,3.16,2.9059,3.0647,759980.61
2020-09-18 20:00:00,1600430400000,3.0705,3.1484,2.8081,2.9044,1114576.31
2020-09-19 00:00:00,1600444800000,2.9056,3.145,2.8,3.1406,766289.21
2020-09-19 04:00:00,1600459200000,3.1301,3.1588,3.0252,3.1144,347014.62
2020-09-19 08:00:00,1600473600000,3.1084,3.2545,3.0615,3.116,331324.43
2020-09-19 12:00:00,1600488000000,3.1161,3.17,3.0657,3.0801,208059.69
2020-09-19 16:00:00,1600502400000,3.08,3.15,2.9564,3.0454,316477.61
2020-09-19 20:00:00,1600516800000,3.0461,3.1851,2.9875,3.0122,333797.35
2020-09-20 00:00:00,1600531200000,3.0207,3.16,3.0012,3.013,266785.9
2020-09-20 04:00:00,1600545600000,3.0123,3.0938,2.9668,3.031,129774.88
2020-09-20 08:00:00,1600560000000,3.0216,3.0319,2.8625,2.9213,405300.67
2020-09-20 12:00:00,1600574400000,2.9126,2.9808,2.8876,2.9578,159803.01
2020-09-20 16:00:00,1600588800000,2.9579,2.9995,2.9091,2.9621,149492.16
2020-09-20 20:00:00,1600603200000,2.9713,2.9756,2.8,2.8115,304761.56
2020-09-21 00:00:00,1600617600000,2.8115,2.8496,2.7,2.7875,290818.27
2020-09-21 04:00:00,1600632000000,2.7916,2.9,2.712,2.8628,146452.91
2020-09-21 08:00:00,1600646400000,2.8628,3.0397,2.8275,2.9935,234767.22
2020-09-21 12:00:00,1600660800000,3.0,3.0383,2.7197,2.73,437639.36
2020-09-21 16:00:00,1600675200000,2.7312,2.7625,2.4689,2.6194,1328430.82
2020-09-21 20:00:00,1600689600000,2.6114,2.7445,2.5,2.6832,947100.23
2020-09-22 00:00:00,1600704000000,2.6821,2.8479,2.66,2.8336,292210.12
2020-09-22 04:00:00,1600718400000,2.8344,2.8856,2.7514,2.7672,327731.56
2020-09-22 08:00:00,1600732800000,2.7571,2.97,2.7192,2.892,464518.63
2020-09-22 12:00:00,1600747200000,2.901,2.9817,2.65,2.6728,683758.06
2020-09-22 16:00:00,1600761600000,2.666,2.887,2.6659,2.8184,650152.91
2020-09-22 20:00:00,1600776000000,2.8082,3.0107,2.7886,2.8983,885578.3
2020-09-23 00:00:00,1600790400000,2.8894,2.9999,2.8881,2.9538,442831.18
2020-09-23 04:00:00,1600804800000,2.9479,2.9875,2.8656,2.9082,289947.25
2020-09-23 08:00:00,1600819200000,2.9184,3.09,2.8321,2.8404,712518.67
2020-09-23 12:00:00,1600833600000,2.8444,2.915,2.7428,2.7678,512892.57
2020-09-23 16:00:00,1600848000000,2.7806,2.95,2.73,2.9251,334132.59
2020-09-23 20:00:00,1600862400000,2.925,2.9981,2.8561,2.9142,421589.49
2020-09-24 00:00:00,1600876800000,2.9142,3.0,2.772,2.79,427871.61
2020-09-24 04:00:00,1600891200000,2.7945,2.8612,2.7001,2.8548,353146.03
2020-09-24 08:00:00,1600905600000,2.855,2.98,2.7804,2.9561,388274.16
2020-09-24 12:00:00,1600920000000,2.9594,3.0402,2.88,3.0402,470673.8
2020-09-24 16:00:00,1600934400000,3.0362,3.039,2.925,3.0101,476553.31
2020-09-24 20:00:00,1600948800000,3.012,3.03,2.8901,3.0284,338124.04
2020-09-25 00:00:00,1600963200000,3.028,3.2488,3.0195,3.1641,671024.64
2020-09-25 04:00:00,1600977600000,3.1702,3.2571,3.05,3.1433,639051.09
2020-09-25 08:00:00,1600992000000,3.1409,3.1807,3.0047,3.0102,541384.85
2020-09-25 12:00:00,1601006400000,3.0108,3.0527,2.9324,3.0077,315361.07
2020-09-25 16:00:00,1601020800000,2.9985,3.052,2.9003,3.03,545200.48
2020-09-25 20:00:00,1601035200000,3.03,3.1497,2.9806,3.1337,506079.34
2020-09-26 00:00:00,1601049600000,3.1337,3.2398,3.124,3.2203,226910.06
2020-09-26 04:00:00,1601064000000,3.2197,3.2766,3.18,3.1937,312907.42
2020-09-26 08:00:00,1601078400000,3.185,3.2184,3.0718,3.1195,385226.01
2020-09-26 12:00:00,1601092800000,3.1216,3.25,3.1029,3.1318,269405.17
2020-09-26 16:00:00,1601107200000,3.1262,3.1575,3.0827,3.1494,147592.85
2020-09-26 20:00:00,1601121600000,3.1435,3.1571,3.03,3.137,209449.45
2020-09-27 00:00:00,1601136000000,3.1296,3.1542,3.03,3.0621,239731.33
2020-09-27 04:00:00,1601150400000,3.0635,3.1463,3.0511,3.1287,105613.91
2020-09-27 08:00:00,1601164800000,3.1292,3.1848,3.1191,3.135,116663.55
2020-09-27 12:00:00,1601179200000,3.1385,3.1545,3.03,3.0659,208047.93
2020-09-27 16:00:00,1601193600000,3.061,3.0737,2.9819,3.0632,171073.3
2020-09-27 20:00:00,1601208000000,3.0564,3.1382,3.0401,3.1357,140547.4
2020-09-28 00:00:00,1601222400000,3.1357,3.152,3.1019,3.1222,166583.93
2020-09-28 04:00:00,1601236800000,3.123,3.1857,3.0868,3.1578,180899.75
2020-09-28 08:00:00,1601251200000,3.1557,3.2109,3.0917,3.1055,258466.72
2020-09-28 12:00:00,1601265600000,3.1035,3.1263,3.021,3.0642,232648.97
2020-09-28 16:00:00,1601280000000,3.0626,3.0899,3.032,3.0358,167513.54
2020-09-28 20:00:00,1601294400000,3.0358,3.0823,3.0175,3.072,197780.78
2020-09-29 00:00:00,1601308800000,3.0741,3.0823,2.9925,3.0074,176121.18
2020-09-29 04:00:00,1601323200000,3.0084,3.015,2.908,2.9599,273602.96
2020-09-29 08:00:00,1601337600000,2.9549,3.027,2.91,2.9412,145397.17
2020-09-29 12:00:00,1601352000000,2.9412,3.0051,2.9156,2.9866,129243.71
2020-09-29 16:00:00,1601366400000,2.9873,3.0033,2.9438,2.9909,120411.83
2020-09-29 20:00:00,1601380800000,2.991,3.019,2.9371,2.984,107200.0
2020-09-30 00:00:00,1601395200000,2.984,2.9841,2.8735,2.8939,310427.02
2020-09-30 04:00:00,1601409600000,2.8922,2.9685,2.8922,2.9505,138195.83
2020-09-30 08:00:00,1601424000000,2.9447,2.9704,2.8941,2.9533,188754.9
2020-09-30 12:00:00,1601438400000,2.9468,2.9838,2.9122,2.9172,102431.41
2020-09-30 16:00:00,1601452800000,2.9201,2.9244,2.8449,2.8504,161358.28
2020-09-30 20:00:00,1601467200000,2.845,2.9026,2.8228,2.8923,147545.45
2020-10-01 00:00:00,1601481600000,2.8928,2.9079,2.8325,2.8498,66025.5
2020-10-01 04:00:00,1601496000000,2.8417,2.9,2.8385,2.8967,56642.29
2020-10-01 08:00:00,1601510400000,2.8967,2.95,2.8925,2.9191,134380.84
2020-10-01 12:00:00,1601524800000,2.9247,2.9856,2.9225,2.9679,102346.89
2020-10-01 16:00:00,1601539200000,2.9679,2.9889,2.9401,2.9516,150472.83
2020-10-01 20:00:00,1601553600000,2.9563,2.961,2.85,2.85,237368.89
2020-10-02 00:00:00,1601568000000,2.85,2.851,2.65,2.7617,645694.43
2020-10-02 04:00:00,1601582400000,2.7617,2.8737,2.7352,2.8669,102797.71
2020-10-02 08:00:00,1601596800000,2.8667,2.8873,2.8145,2.8665,195946.52
2020-10-02 12:00:00,1601611200000,2.8675,2.8751,2.6339,2.6666,755365.53
2020-10-02 16:00:00,1601625600000,2.6599,2.6703,2.42,2.4724,965315.0
2020-10-02 20:00:00,1601640000000,2.4731,2.6618,2.4482,2.6123,510625.05
2020-10-03 00:00:00,1601654400000,2.6103,2.6723,2.5822,2.6079,185748.54
2020-10-03 04:00:00,1601668800000,2.6068,2.6544,2.5504,2.6232,175492.47
2020-10-03 08:00:00,1601683200000,2.6231,2.6479,2.6037,2.6338,109855.37
2020-10-03 12:00:00,1601697600000,2.6338,2.6462,2.6119,2.6359,73014.56
2020-10-03 16:00:00,1601712000000,2.6337,2.6656,2.609,2.6633,130787.63
2020-10-03 20:00:00,1601726400000,2.6654,2.6708,2.6316,2.635,76549.72
2020-10-04 00:00:00,1601740800000,2.6315,2.6649,2.631,2.6566,44121.15
2020-10-04 04:00:00,1601755200000,2.6523,2.6584,2.5356,2.5439,112696.8
2020-10-04 08:00:00,1601769600000,2.542,2.5536,2.4511,2.5,156618.34
2020-10-04 12:00:00,1601784000000,2.5002,2.5566,2.5002,2.5539,64389.45
2020-10-04 16:00:00,1601798400000,2.5523,2.5898,2.5112,2.5377,122785.05
2020-10-04 20:00:00,1601812800000,2.5322,2.5424,2.4551,2.4551,97382.62
2020-10-05 00:00:00,1601827200000,2.4632,2.4939,2.42,2.4781,239467.12
2020-10-05 04:00:00,1601841600000,2.4765,2.53,2.4739,2.5202,84756.63
2020-10-05 08:00:00,1601856000000,2.5181,2.5694,2.5125,2.5167,171207.98
2020-10-05 12:00:00,1601870400000,2.5166,2.5273,2.4561,2.4901,109068.05
2020-10-05 16:00:00,1601884800000,2.4905,2.5445,2.4661,2.5282,136818.09
2020-10-05 20:00:00,1601899200000,2.5224,2.6286,2.52,2.6139,193899.44
2020-10-06 00:00:00,1601913600000,2.6185,2.6673,2.6001,2.618,218121.07
2020-10-06 04:00:00,1601928000000,2.618,2.683,2.6066,2.6522,83472.54
2020-10-06 08:00:00,1601942400000,2.6486,2.6604,2.59,2.59,91821.7
2020-10-06 12:00:00,1601956800000,2.5898,2.6039,2.522,2.5298,115914.95
2020-10-06 16:00:00,1601971200000,2.5269,2.555,2.366,2.3974,394836.96
2020-10-06 20:00:00,1601985600000,2.3938,2.499,2.3448,2.4376,347502.92
2020-10-07 00:00:00,1602000000000,2.4323,2.4371,2.26,2.2676,335612.77
2020-10-07 04:00:00,1602014400000,2.2648,2.2797,2.13,2.174,498336.03
2020-10-07 08:00:00,1602028800000,2.1721,2.2174,2.081,2.1822,558280.53
2020-10-07 12:00:00,1602043200000,2.1861,2.3066,2.161,2.2604,361856.67
2020-10-07 16:00:00,1602057600000,2.2588,2.2648,2.17,2.2119,262472.84
2020-10-07 20:00:00,1602072000000,2.2118,2.2867,2.2118,2.2598,186733.37
2020-10-08 00:00:00,1602086400000,2.2598,2.4083,2.2137,2.3276,580918.77
2020-10-08 04:00:00,1602100800000,2.3275,2.3375,2.2504,2.3005,137689.02
2020-10-08 08:00:00,1602115200000,2.3001,2.3133,2.2209,2.2459,161527.28
2020-10-08 12:00:00,1602129600000,2.2403,2.2438,2.0123,2.0839,748012.1
2020-10-08 16:00:00,1602144000000,2.0846,2.2077,2.0556,2.1653,464870.44
2020-10-08 20:00:00,1602158400000,2.1679,2.4251,2.1494,2.4251,867765.61
2020-10-09 00:00:00,1602172800000,2.425,2.4569,2.2916,2.32,372778.85
2020-10-09 04:00:00,1602187200000,2.328,2.3853,2.31,2.3638,144235.66
2020-10-09 08:00:00,1602201600000,2.3686,2.4299,2.303,2.3828,237245.85
2020-10-09 12:00:00,1602216000000,2.3829,2.4144,2.3239,2.409,358546.63
2020-10-09 16:00:00,1602230400000,2.4035,2.625,2.393,2.5417,594951.65
2020-10-09 20:00:00,1602244800000,2.5465,2.63,2.5301,2.5926,336730.71
2020-10-10 00:00:00,1602259200000,2.5925,2.6088,2.4671,2.4924,231796.83
2020-10-10 04:00:00,1602273600000,2.4845,2.5775,2.4845,2.5314,119252.12
2020-10-10 08:00:00,1602288000000,2.5274,2.6056,2.5212,2.5715,250926.04
2020-10-10 12:00:00,1602302400000,2.5719,2.5774,2.47,2.5316,271555.4
2020-10-10 16:00:00,1602316800000,2.5316,2.5797,2.4757,2.5026,226469.28
2020-10-10 20:00:00,1602331200000,2.4957,2.5485,2.4696,2.5026,169433.29
2020-10-11 00:00:00,1602345600000,2.498,2.5128,2.4342,2.4472,208327.22
2020-10-11 04:00:00,1602360000000,2.4422,2.47,2.3873,2.3999,152229.04
2020-10-11 08:00:00,1602374400000,2.3988,2.4167,2.3401,2.3469,198768.03
2020-10-11 12:00:00,1602388800000,2.3462,2.3954,2.3431,2.3859,173495.38
2020-10-11 16:00:00,1602403200000,2.3854,2.4607,2.3701,2.4562,180750.87
2020-10-11 20:00:00,1602417600000,2.4535,2.46,2.38,2.4174,167804.74
2020-10-12 00:00:00,1602432000000,2.4153,2.45,2.3775,2.4247,132716.04
2020-10-12 04:00:00,1602446400000,2.4247,2.4302,2.3932,2.4227,45229.02
2020-10-12 08:00:00,1602460800000,2.4228,2.5042,2.4132,2.4949,86659.55
2020-10-12 12:00:00,1602475200000,2.4945,2.6,2.4714,2.5719,484671.75
2020-10-12 16:00:00,1602489600000,2.5757,2.5902,2.4272,2.4704,325025.39
2020-10-12 20:00:00,1602504000000,2.471,2.5718,2.4662,2.5372,236587.42
2020-10-13 00:00:00,1602518400000,2.5435,2.6567,2.5394,2.6255,501061.59
2020-10-13 04:00:00,1602532800000,2.6243,2.7044,2.561,2.5836,521381.31
2020-10-13 08:00:00,1602547200000,2.5826,2.5867,2.4443,2.4726,425603.99
2020-10-13 12:00:00,1602561600000,2.4716,2.5535,2.4492,2.4882,322999.43
2020-10-13 16:00:00,1602576000000,2.4856,2.54,2.4457,2.5068,170061.94
2020-10-13 20:00:00,1602590400000,2.5068,2.555,2.4,2.426,352775.03
2020-10-14 00:00:00,1602604800000,2.426,2.4394,2.336,2.3632,471853.01
2020-10-14 04:00:00,1602619200000,2.3633,2.435,2.3502,2.4062,207737.7
2020-10-14 08:00:00,1602633600000,2.4061,2.4424,2.3786,2.3847,175094.85
2020-10-14 12:00:00,1602648000000,2.382,2.4105,2.3541,2.3839,154860.5
2020-10-14 16:00:00,1602662400000,2.3839,2.4009,2.3429,2.345,154080.57
2020-10-14 20:00:00,1602676800000,2.3442,2.3977,2.253,2.2667,320059.19
2020-10-15 00:00:00,1602691200000,2.2636,2.2797,2.2331,2.2588,195892.62
2020-10-15 04:00:00,1602705600000,2.2552,2.32,2.2502,2.3107,125398.12
2020-10-15 08:00:00,1602720000000,2.3108,2.3108,2.2321,2.258,155107.82
2020-10-15 12:00:00,1602734400000,2.2559,2.3485,2.2331,2.3232,133282.77
2020-10-15 16:00:00,1602748800000,2.3257,2.3325,2.1932,2.2439,218334.42
2020-10-15 20:00:00,1602763200000,2.2456,2.2966,2.228,2.2921,107365.79
2020-10-16 00:00:00,1602777600000,2.2893,2.3058,2.2506,2.2958,79437.81
2020-10-16 04:00:00,1602792000000,2.297,2.3073,2.2631,2.2682,61380.48
2020-10-16 08:00:00,1602806400000,2.2648,2.269,2.2127,2.2241,106619.65
2020-10-16 12:00:00,1602820800000,2.2201,2.2201,2.1071,2.1344,361487.58
2020-10-16 16:00:00,1602835200000,2.1305,2.19,2.1305,2.1739,211083.92
2020-10-16 20:00:00,1602849600000,2.1745,2.1997,2.145,2.1957,156181.99
2020-10-17 00:00:00,1602864000000,2.1954,2.253,2.139,2.1607,582574.93
2020-10-17 04:00:00,1602878400000,2.1516,2.2086,2.1334,2.1398,128702.06
2020-10-17 08:00:00,1602892800000,2.1374,2.2086,2.1107,2.2049,115613.99
2020-10-17 12:00:00,1602907200000,2.2094,2.246,2.1954,2.2212,114521.05
2020-10-17 16:00:00,1602921600000,2.2241,2.2462,2.2025,2.2145,76973.93
2020-10-17 20:00:00,1602936000000,2.2121,2.2339,2.1573,2.1737,116366.06
2020-10-18 00:00:00,1602950400000,2.1725,2.1881,2.16,2.1785,30778.85
2020-10-18 04:00:00,1602964800000,2.1787,2.2106,2.174,2.2053,27995.67
2020-10-18 08:00:00,1602979200000,2.2031,2.2297,2.1936,2.2107,37419.2
2020-10-18 12:00:00,1602993600000,2.2107,2.2423,2.2076,2.2375,31832.88
2020-10-18 16:00:00,1603008000000,2.2399,2.248,2.1897,2.1989,63938.08
2020-10-18 20:00:00,1603022400000,2.1998,2.2449,2.1989,2.232,89820.87
2020-10-19 00:00:00,1603036800000,2.2353,2.2595,2.2165,2.2319,74475.03
2020-10-19 04:00:00,1603051200000,2.2288,2.2352,2.1763,2.215,181435.2
2020-10-19 08:00:00,1603065600000,2.2137,2.2148,2.1105,2.1132,99772.63
2020-10-19 12:00:00,1603080000000,2.1105,2.1229,2.0788,2.1084,187595.39
2020-10-19 16:00:00,1603094400000,2.1075,2.1083,2.05,2.0643,211666.78
2020-10-19 20:00:00,1603108800000,2.0629,2.1149,2.055,2.1039,207324.29
2020-10-20 00:00:00,1603123200000,2.1091,2.11,2.0652,2.0947,120996.18
2020-10-20 04:00:00,1603137600000,2.0972,2.1109,2.0512,2.0592,81861.92
2020-10-20 08:00:00,1603152000000,2.0552,2.108,2.0349,2.0587,209551.44
2020-10-20 12:00:00,1603166400000,2.0601,2.0628,1.9583,1.9789,226436.5
2020-10-20 16:00:00,1603180800000,1.9788,1.98,1.8401,1.8505,561682.15
2020-10-20 20:00:00,1603195200000,1.8506,1.9739,1.8486,1.896,491835.87
2020-10-21 00:00:00,1603209600000,1.8969,1.9257,1.8694,1.8945,212922.31
2020-10-21 04:00:00,1603224000000,1.8889,1.9434,1.878,1.885,230738.77
2020-10-21 08:00:00,1603238400000,1.8873,1.98,1.8812,1.9773,157670.59
2020-10-21 12:00:00,1603252800000,1.9773,2.0,1.9164,1.9287,153504.33
2020-10-21 16:00:00,1603267200000,1.9293,1.94,1.9139,1.9182,72601.34
2020-10-21 20:00:00,1603281600000,1.9193,2.11,1.887,1.989,988813.01
2020-10-22 00:00:00,1603296000000,1.989,2.0034,1.8798,1.9122,869139.02
2020-10-22 04:00:00,1603310400000,1.9083,1.9491,1.8415,1.8887,980996.46
2020-10-22 08:00:00,1603324800000,1.8868,1.949,1.8481,1.9433,528057.62
2020-10-22 12:00:00,1603339200000,1.9448,1.9875,1.94,1.978,140639.26
2020-10-22 16:00:00,1603353600000,1.9766,2.0736,1.9755,2.0688,308949.98
2020-10-22 20:00:00,1603368000000,2.0688,2.09,2.02,2.05,282465.54
2020-10-23 00:00:00,1603382400000,2.0494,2.0677,2.01,2.01,228865.02
2020-10-23 04:00:00,1603396800000,2.0086,2.0261,1.9392,1.9582,135800.67
2020-10-23 08:00:00,1603411200000,1.9566,1.971,1.9073,1.95,146403.12
2020-10-23 12:00:00,1603425600000,1.9475,1.9874,1.915,1.9216,235945.42
2020-10-23 16:00:00,1603440000000,1.9257,1.9695,1.9199,1.9544,88312.51
2020-10-23 20:00:00,1603454400000,1.9524,1.9902,1.9205,1.9229,292512.42
2020-10-24 00:00:00,1603468800000,1.9251,1.9342,1.85,1.9335,673076.83
2020-10-24 04:00:00,1603483200000,1.9314,1.9685,1.93,1.959,123742.05
2020-10-24 08:00:00,1603497600000,1.9652,1.9663,1.9073,1.9333,146206.87
2020-10-24 12:00:00,1603512000000,1.9366,1.9553,1.907,1.907,104047.25
2020-10-24 16:00:00,1603526400000,1.9067,1.9346,1.899,1.9278,85258.29
2020-10-24 20:00:00,1603540800000,1.9278,1.9632,1.9146,1.9316,181195.84
2020-10-25 00:00:00,1603555200000,1.9303,1.973,1.9147,1.9377,118956.14
2020-10-25 04:00:00,1603569600000,1.9359,1.9366,1.88,1.9142,112429.44
2020-10-25 08:00:00,1603584000000,1.9175,1.9244,1.8001,1.9151,314814.52
2020-10-25 12:00:00,1603598400000,1.9118,1.9239,1.8458,1.8817,273517.74
2020-10-25 16:00:00,1603612800000,1.8806,1.8927,1.8712,1.8779,101128.73
2020-10-25 20:00:00,1603627200000,1.8737,1.895,1.8328,1.8439,155320.72
2020-10-26 00:00:00,1603641600000,1.8416,1.8669,1.815,1.826,154145.89
2020-10-26 04:00:00,1603656000000,1.8282,1.837,1.76,1.7926,366938.39
2020-10-26 08:00:00,1603670400000,1.7925,1.833,1.775,1.8302,172283.03
2020-10-26 12:00:00,1603684800000,1.8275,1.8499,1.8235,1.8377,134116.63
2020-10-26 16:00:00,1603699200000,1.8377,1.8525,1.8133,1.8434,140004.94
2020-10-26 20:00:00,1603713600000,1.8417,1.8685,1.7699,1.7812,355960.7
2020-10-27 00:00:00,1603728000000,1.7808,1.785,1.6121,1.6632,1022166.56
2020-10-27 04:00:00,1603742400000,1.6614,1.7015,1.6464,1.6799,197339.98
2020-10-27 08:00:00,1603756800000,1.6771,1.715,1.6649,1.6693,212893.77
2020-10-27 12:00:00,1603771200000,1.6705,1.6982,1.6475,1.6558,338456.66
2020-10-27 16:00:00,1603785600000,1.6543,1.6975,1.5906,1.6849,959934.55
2020-10-27 20:00:00,1603800000000,1.6861,1.75,1.6805,1.7327,569799.06
2020-10-28 00:00:00,1603814400000,1.7307,1.75,1.6756,1.6962,328832.29
2020-10-28 04:00:00,1603828800000,1.6925,1.7225,1.6717,1.711,181233.93
2020-10-28 08:00:00,1603843200000,1.7084,1.7255,1.56,1.5752,636497.65
2020-10-28 12:00:00,1603857600000,1.5722,1.5943,1.52,1.5472,435759.46
2020-10-28 16:00:00,1603872000000,1.5472,1.599,1.4508,1.5563,1125324.96
2020-10-28 20:00:00,1603886400000,1.5542,1.6344,1.5316,1.5514,382994.76
2020-10-29 00:00:00,1603900800000,1.5477,1.5477,1.4913,1.5,228953.94
2020-10-29 04:00:00,1603915200000,1.5001,1.5711,1.4669,1.518,545087.51
2020-10-29 08:00:00,1603929600000,1.5166,1.5729,1.5156,1.5724,128642.79
2020-10-29 12:00:00,1603944000000,1.5744,1.5754,1.52,1.5253,146694.58
2020-10-29 16:00:00,1603958400000,1.5245,1.5379,1.496,1.4971,151348.2
2020-10-29 20:00:00,1603972800000,1.4954,1.5265,1.4513,1.4924,282419.81
2020-10-30 00:00:00,1603987200000,1.4933,1.4948,1.4686,1.4724,187691.76
2020-10-30 04:00:00,1604001600000,1.47,1.4893,1.4148,1.4327,336830.91
2020-10-30 08:00:00,1604016000000,1.4328,1.4583,1.3891,1.4,295665.56
2020-10-30 12:00:00,1604030400000,1.4,1.4151,1.3163,1.3746,310742.13
2020-10-30 16:00:00,1604044800000,1.3774,1.4,1.3426,1.3791,252645.04
2020-10-30 20:00:00,1604059200000,1.3792,1.4537,1.3751,1.4487,243619.37
2020-10-31 00:00:00,1604073600000,1.4481,1.4726,1.4277,1.4623,160371.91
2020-10-31 04:00:00,1604088000000,1.4624,1.4721,1.4365,1.4381,138584.08
2020-10-31 08:00:00,1604102400000,1.4383,1.4864,1.4266,1.4864,121820.84
2020-10-31 12:00:00,1604116800000,1.4864,1.5173,1.4729,1.5067,169996.39
2020-10-31 16:00:00,1604131200000,1.5086,1.5193,1.4554,1.4788,163909.77
2020-10-31 20:00:00,1604145600000,1.4787,1.522,1.4731,1.5175,154104.59
2020-11-01 00:00:00,1604160000000,1.5227,1.534,1.4938,1.523,113122.17
2020-11-01 04:00:00,1604174400000,1.523,1.558,1.5216,1.5497,129035.82
2020-11-01 08:00:00,1604188800000,1.5497,1.5797,1.5303,1.5367,212796.07
2020-11-01 12:00:00,1604203200000,1.5359,1.5544,1.5224,1.5533,77004.08
2020-11-01 16:00:00,1604217600000,1.5546,1.5569,1.5137,1.5384,140867.17
2020-11-01 20:00:00,1604232000000,1.5371,1.577,1.5286,1.5699,79759.84
2020-11-02 00:00:00,1604246400000,1.5679,1.6292,1.567,1.5989,267001.31
2020-11-02 04:00:00,1604260800000,1.5989,1.6463,1.59,1.608,183235.77
2020-11-02 08:00:00,1604275200000,1.6076,1.6432,1.5846,1.5931,157924.13
2020-11-02 12:00:00,1604289600000,1.5921,1.604,1.5801,1.5986,60264.8
2020-11-02 16:00:00,1604304000000,1.5961,1.5982,1.48,1.4837,355843.04
2020-11-02 20:00:00,1604318400000,1.4866,1.5023,1.4621,1.4871,171877.62
2020-11-03 00:00:00,1604332800000,1.4871,1.4871,1.4689,1.4771,51187.37
2020-11-03 04:00:00,1604347200000,1.4799,1.494,1.4705,1.4738,70641.11
2020-11-03 08:00:00,1604361600000,1.4729,1.484,1.4322,1.44,173560.6
2020-11-03 12:00:00,1604376000000,1.44,1.4536,1.4164,1.4492,169316.66
2020-11-03 16:00:00,1604390400000,1.4484,1.4664,1.4309,1.4481,140983.21
2020-11-03 20:00:00,1604404800000,1.4472,1.4747,1.421,1.4373,158119.14
2020-11-04 00:00:00,1604419200000,1.4395,1.4422,1.415,1.4366,132149.11
2020-11-04 04:00:00,1604433600000,1.4373,1.4412,1.4062,1.4118,209036.16
2020-11-04 08:00:00,1604448000000,1.4123,1.4144,1.3454,1.35,575844.92
2020-11-04 12:00:00,1604462400000,1.3534,1.3693,1.3435,1.3526,244537.93
2020-11-04 16:00:00,1604476800000,1.3498,1.4,1.3455,1.3586,277425.62
2020-11-04 20:00:00,1604491200000,1.3584,1.3664,1.2788,1.2985,386090.72
2020-11-05 00:00:00,1604505600000,1.2985,1.4083,1.2733,1.3903,982216.5
2020-11-05 04:00:00,1604520000000,1.392,1.4098,1.385,1.3912,94408.17
2020-11-05 08:00:00,1604534400000,1.3895,1.4089,1.3894,1.4025,85854.65
2020-11-05 12:00:00,1604548800000,1.4025,1.4329,1.4022,1.4229,143481.33
2020-11-05 16:00:00,1604563200000,1.4235,1.4249,1.3421,1.3443,137476.9
2020-11-05 20:00:00,1604577600000,1.3435,1.4928,1.3,1.4324,708822.18
2020-11-06 00:00:00,1604592000000,1.4323,1.4783,1.3902,1.4199,338166.48
2020-11-06 04:00:00,1604606400000,1.4202,1.4212,1.3864,1.4007,184691.02
2020-11-06 08:00:00,1604620800000,1.403,1.5513,1.3946,1.5359,511049.35
2020-11-06 12:00:00,1604635200000,1.5411,1.65,1.5379,1.6397,494435.21
2020-11-06 16:00:00,1604649600000,1.6377,1.7618,1.6015,1.7132,701239.62
2020-11-06 20:00:00,1604664000000,1.7138,1.7999,1.6606,1.6899,477361.12
2020-11-07 00:00:00,1604678400000,1.6959,1.8942,1.6959,1.7988,939403.6
2020-11-07 04:00:00,1604692800000,1.799,1.9482,1.7402,1.9,723058.0
2020-11-07 08:00:00,1604707200000,1.9069,2.3705,1.9029,2.1397,1972227.37
2020-11-07 12:00:00,1604721600000,2.1342,2.3,2.1074,2.2113,664314.71
2020-11-07 16:00:00,1604736000000,2.2133,2.45,2.1502,2.3994,803276.57
2020-11-07 20:00:00,1604750400000,2.3985,2.4975,1.905,2.1707,2769216.58
2020-11-08 00:00:00,1604764800000,2.166,2.2301,1.8294,1.8915,1735883.97
2020-11-08 04:00:00,1604779200000,1.8879,2.11,1.8276,2.0215,917691.43
2020-11-08 08:00:00,1604793600000,2.0264,2.1984,1.9662,2.0469,765808.03
2020-11-08 12:00:00,1604808000000,2.047,2.0729,1.9751,1.9891,649425.26
2020-11-08 16:00:00,1604822400000,1.9891,2.1779,1.9608,2.1674,1073583.04
2020-11-08 20:00:00,1604836800000,2.1668,2.2754,2.0701,2.2442,1251689.55
2020-11-09 00:00:00,1604851200000,2.2441,2.2825,2.118,2.1399,600999.99
2020-11-09 04:00:00,1604865600000,2.1395,2.18,2.0384,2.1558,458840.05
2020-11-09 08:00:00,1604880000000,2.1515,2.1991,2.077,2.1,397848.88
2020-11-09 12:00:00,1604894400000,2.0977,2.1065,2.035,2.0506,476563.32
2020-11-09 16:00:00,1604908800000,2.0416,2.1854,2.02,2.16,480766.67
2020-11-09 20:00:00,1604923200000,2.1617,2.1775,1.9615,1.9799,1083893.15
2020-11-10 00:00:00,1604937600000,1.9762,2.06,1.9456,2.0544,427335.36
2020-11-10 04:00:00,1604952000000,2.059,2.0763,2.0,2.0299,184036.14
2020-11-10 08:00:00,1604966400000,2.0383,2.1426,2.008,2.1367,203528.12
2020-11-10 12:00:00,1604980800000,2.14,2.1538,2.09,2.1302,292335.14
2020-11-10 16:00:00,1604995200000,2.1314,2.2437,2.1049,2.1404,459987.92
2020-11-10 20:00:00,1605009600000,2.1394,2.2393,2.1303,2.1855,418637.0
2020-11-11 00:00:00,1605024000000,2.184,2.2995,2.1839,2.2478,498810.59
2020-11-11 04:00:00,1605038400000,2.2453,2.3257,2.2385,2.2661,246124.59
2020-11-11 08:00:00,1605052800000,2.2665,2.3,2.2467,2.261,220489.65
2020-11-11 12:00:00,1605067200000,2.2647,2.2785,2.1754,2.2167,306844.82
2020-11-11 16:00:00,1605081600000,2.2133,2.2204,2.1019,2.1039,261893.0
2020-11-11 20:00:00,1605096000000,2.1038,2.133,2.078,2.1164,325557.12
2020-11-12 00:00:00,1605110400000,2.1197,2.16,2.0126,2.0331,431635.94
2020-11-12 04:00:00,1605124800000,2.0377,2.0441,1.9673,2.0,317265.66
2020-11-12 08:00:00,1605139200000,2.0,2.0561,1.9104,2.0075,401368.8
2020-11-12 12:00:00,1605153600000,2.012,2.06,2.0024,2.0413,114992.33
2020-11-12 16:00:00,1605168000000,2.0422,2.0504,1.9418,1.9701,275294.22
2020-11-12 20:00:00,1605182400000,1.9651,1.9909,1.9,1.9054,287238.15
2020-11-13 00:00:00,1605196800000,1.9054,1.9061,1.825,1.8652,303793.61
2020-11-13 04:00:00,1605211200000,1.8648,1.9089,1.8518,1.9089,139623.78
2020-11-13 08:00:00,1605225600000,1.9089,1.9759,1.8997,1.9539,184703.16
2020-11-13 12:00:00,1605240000000,1.9578,1.9721,1.9131,1.9517,204601.04
2020-11-13 16:00:00,1605254400000,1.9502,2.05,1.9358,2.0018,404237.12
2020-11-13 20:00:00,1605268800000,2.007,2.0808,1.9891,2.0264,217742.88
2020-11-14 00:00:00,1605283200000,2.0339,2.0663,1.9644,2.0156,256479.27
2020-11-14 04:00:00,1605297600000,2.0106,2.0586,1.9898,2.0141,327920.61
2020-11-14 08:00:00,1605312000000,2.0222,2.0374,1.995,2.0231,255222.02
2020-11-14 12:00:00,1605326400000,2.0223,2.0264,1.95,1.9576,162736.07
2020-11-14 16:00:00,1605340800000,1.9573,1.9675,1.869,1.9046,278092.52
2020-11-14 20:00:00,1605355200000,1.9017,1.957,1.8906,1.9215,147752.11
2020-11-15 00:00:00,1605369600000,1.9131,1.9595,1.8788,1.9369,254320.55
2020-11-15 04:00:00,1605384000000,1.9358,1.9509,1.915,1.9182,93724.15
2020-11-15 08:00:00,1605398400000,1.9204,1.9768,1.9133,1.9669,143050.69
2020-11-15 12:00:00,1605412800000,1.9694,2.1,1.96,2.0998,451828.15
2020-11-15 16:00:00,1605427200000,2.0978,2.2025,2.0621,2.1223,1062898.15
2020-11-15 20:00:00,1605441600000,2.1223,2.1964,2.1054,2.1964,498892.92
2020-11-16 00:00:00,1605456000000,2.1965,2.218,2.0263,2.0293,649928.55
2020-11-16 04:00:00,1605470400000,2.0291,2.0535,1.929,2.0407,541588.03
2020-11-16 08:00:00,1605484800000,2.039,2.1601,1.9858,2.1554,506204.95
2020-11-16 12:00:00,1605499200000,2.1591,2.26,2.1554,2.1876,672909.82
2020-11-16 16:00:00,1605513600000,2.19,2.3497,2.1712,2.2748,799121.57
2020-11-16 20:00:00,1605528000000,2.2704,2.37,2.256,2.2878,603758.4
2020-11-17 00:00:00,1605542400000,2.2877,2.3012,2.1801,2.2422,444116.73
2020-11-17 04:00:00,1605556800000,2.2422,2.2863,2.2206,2.2626,165918.09
2020-11-17 08:00:00,1605571200000,2.2665,2.3277,2.2625,2.2954,224815.85
2020-11-17 12:00:00,1605585600000,2.2963,2.3262,2.2333,2.2467,263173.77
2020-11-17 16:00:00,1605600000000,2.2478,2.2772,2.1903,2.2197,257988.9
2020-11-17 20:00:00,1605614400000,2.2244,2.33,2.1457,2.1658,898400.73
2020-11-18 00:00:00,1605628800000,2.1658,2.2499,2.125,2.2339,464158.09
2020-11-18 04:00:00,1605643200000,2.2339,2.2384,2.16,2.1998,202583.51
2020-11-18 08:00:00,1605657600000,2.1962,2.2173,2.1728,2.1807,203995.87
2020-11-18 12:00:00,1605672000000,2.1819,2.197,2.025,2.1289,753775.35
2020-11-18 16:00:00,1605686400000,2.1263,2.1423,2.0771,2.08,255267.48
2020-11-18 20:00:00,1605700800000,2.0781,2.0842,2.0001,2.0678,520988.66
2020-11-19 00:00:00,1605715200000,2.0628,2.134,2.05,2.0989,204858.86
2020-11-19 04:00:00,1605729600000,2.098,2.1376,2.0774,2.1153,115492.94
2020-11-19 08:00:00,1605744000000,2.1122,2.1254,2.0582,2.0637,132813.69
2020-11-19 12:00:00,1605758400000,2.0638,2.0934,2.0372,2.0642,202798.96
2020-11-19 16:00:00,1605772800000,2.0625,2.072,2.0136,2.0676,224982.8
2020-11-19 20:00:00,1605787200000,2.0676,2.1848,2.0601,2.1538,371802.25
2020-11-20 00:00:00,1605801600000,2.1532,2.1778,2.098,2.1066,234676.71
2020-11-20 04:00:00,1605816000000,2.1023,2.1301,2.03,2.085,224787.54
2020-11-20 08:00:00,1605830400000,2.0841,2.1108,2.0521,2.1062,180037.35
2020-11-20 12:00:00,1605844800000,2.1054,2.1724,2.0864,2.1724,203031.71
2020-11-20 16:00:00,1605859200000,2.1673,2.21,2.1611,2.1867,284868.13
2020-11-20 20:00:00,1605873600000,2.1868,2.2387,2.1289,2.1506,456469.49
2020-11-21 00:00:00,1605888000000,2.1596,2.1691,2.1219,2.1447,191997.45
2020-11-21 04:00:00,1605902400000,2.1456,2.1607,2.0844,2.1033,273010.38
2020-11-21 08:00:00,1605916800000,2.0999,2.1457,2.0599,2.0624,282634.37
2020-11-21 12:00:00,1605931200000,2.0621,2.17,2.0351,2.1687,207750.1
2020-11-21 16:00:00,1605945600000,2.1687,2.2427,2.1456,2.1652,404500.85
2020-11-21 20:00:00,1605960000000,2.1685,2.4,2.14,2.395,743775.78
2020-11-22 00:00:00,1605974400000,2.395,2.51,2.2621,2.4512,950233.05
2020-11-22 04:00:00,1605988800000,2.4514,2.4514,2.2913,2.3822,374595.35
2020-11-22 08:00:00,1606003200000,2.3825,2.4201,2.1,2.2195,752290.42
2020-11-22 12:00:00,1606017600000,2.2159,2.222,2.101,2.2044,271403.27
2020-11-22 16:00:00,1606032000000,2.204,2.25,2.04,2.1003,476477.02
2020-11-22 20:00:00,1606046400000,2.1003,2.2155,2.0846,2.18,364989.8
2020-11-23 00:00:00,1606060800000,2.1762,2.28,2.1378,2.273,324776.85
2020-11-23 04:00:00,1606075200000,2.2729,2.28,2.139,2.1514,258189.89
2020-11-23 08:00:00,1606089600000,2.161,2.2507,2.112,2.231,308630.87
2020-11-23 12:00:00,1606104000000,2.2291,2.3199,2.2254,2.2662,390243.27
2020-11-23 16:00:00,1606118400000,2.2692,2.3635,2.2571,2.2957,375975.43
2020-11-23 20:00:00,1606132800000,2.2957,2.3253,2.1851,2.2034,416744.41
2020-11-24 00:00:00,1606147200000,2.205,2.2673,2.15,2.2326,317759.48
2020-11-24 04:00:00,1606161600000,2.2323,2.32,2.217,2.2786,284807.3
2020-11-24 08:00:00,1606176000000,2.2786,2.44,2.2239,2.386,771951.99
2020-11-24 12:00:00,1606190400000,2.3824,2.4575,2.2,2.3666,949948.62
2020-11-24 16:00:00,1606204800000,2.3666,2.4731,2.16,2.2313,742242.73
2020-11-24 20:00:00,1606219200000,2.2238,2.2533,2.1338,2.2312,497682.27
2020-11-25 00:00:00,1606233600000,2.2386,2.2889,2.19,2.2669,285976.13
2020-11-25 04:00:00,1606248000000,2.2655,2.294,2.2095,2.2823,286990.3
2020-11-25 08:00:00,1606262400000,2.2795,2.3753,2.1703,2.1969,800114.84
2020-11-25 12:00:00,1606276800000,2.1967,2.2654,2.18,2.2475,178044.86
2020-11-25 16:00:00,1606291200000,2.2476,2.3488,2.2244,2.2956,312997.42
2020-11-25 20:00:00,1606305600000,2.2979,2.4609,2.2827,2.417,877299.72
2020-11-26 00:00:00,1606320000000,2.42,2.49,2.3634,2.4167,654105.3
2020-11-26 04:00:00,1606334400000,2.4166,2.4382,2.1999,2.2661,775119.47
2020-11-26 08:00:00,1606348800000,2.2653,2.3101,1.782,1.936,1986790.8
2020-11-26 12:00:00,1606363200000,1.936,1.9617,1.8111,1.8298,994822.38
2020-11-26 16:00:00,1606377600000,1.8377,1.8941,1.7212,1.8408,1392790.87
2020-11-26 20:00:00,1606392000000,1.8392,1.8726,1.8,1.8278,1289740.2
2020-11-27 00:00:00,1606406400000,1.8276,1.8384,1.7334,1.7963,860443.77
2020-11-27 04:00:00,1606420800000,1.7988,1.9195,1.7953,1.9111,278686.7
2020-11-27 08:00:00,1606435200000,1.9117,2.04,1.8926,1.95,538139.25
2020-11-27 12:00:00,1606449600000,1.9574,1.9714,1.9123,1.9149,172524.15
2020-11-27 16:00:00,1606464000000,1.9212,1.9255,1.8018,1.8284,283794.58
2020-11-27 20:00:00,1606478400000,1.8266,1.9464,1.78,1.78,518375.9
2020-11-28 00:00:00,1606492800000,1.78,1.8322,1.7694,1.8127,136384.55
2020-11-28 04:00:00,1606507200000,1.8157,1.8636,1.8028,1.861,153022.89
2020-11-28 08:00:00,1606521600000,1.8644,1.8753,1.8323,1.8427,246059.87
2020-11-28 12:00:00,1606536000000,1.8427,1.8717,1.8226,1.8351,199042.74
2020-11-28 16:00:00,1606550400000,1.8366,1.8715,1.8016,1.8662,272744.8
2020-11-28 20:00:00,1606564800000,1.8662,1.938,1.8507,1.9254,385529.01
2020-11-29 00:00:00,1606579200000,1.93,1.94,1.8989,1.9145,181104.02
2020-11-29 04:00:00,1606593600000,1.9144,1.9144,1.8651,1.8868,96910.33
2020-11-29 08:00:00,1606608000000,1.8858,1.8964,1.85,1.8949,211426.09
2020-11-29 12:00:00,1606622400000,1.886,1.8933,1.861,1.8899,79382.02
2020-11-29 16:00:00,1606636800000,1.8906,1.947,1.8894,1.9275,280165.3
2020-11-29 20:00:00,1606651200000,1.9267,1.9396,1.8947,1.915,76343.26
2020-11-30 00:00:00,1606665600000,1.915,1.917,1.8666,1.8721,127949.09
2020-11-30 04:00:00,1606680000000,1.8729,1.9249,1.8665,1.9153,87445.88
2020-11-30 08:00:00,1606694400000,1.9184,1.9815,1.9184,1.9662,189912.91
2020-11-30 12:00:00,1606708800000,1.9678,1.9683,1.9363,1.9453,66014.73
2020-11-30 16:00:00,1606723200000,1.9453,1.9611,1.9034,1.9607,110284.15
2020-11-30 20:00:00,1606737600000,1.9607,2.0182,1.9382,1.9586,415380.7
2020-12-01 00:00:00,1606752000000,1.96,2.0133,1.956,1.968,189505.12
2020-12-01 04:00:00,1606766400000,1.9639,1.9873,1.9501,1.9665,123522.4
2020-12-01 08:00:00,1606780800000,1.9641,1.99,1.9333,1.9705,159597.27
2020-12-01 12:00:00,1606795200000,1.9708,2.1404,1.9705,2.1249,356036.09
2020-12-01 16:00:00,1606809600000,2.1249,2.1305,2.0262,2.067,490260.27
2020-12-01 20:00:00,1606824000000,2.0673,2.098,1.9168,2.046,797522.1
2020-12-02 00:00:00,1606838400000,2.0461,2.0652,1.9606,2.005,217327.72
2020-12-02 04:00:00,1606852800000,1.9997,2.0423,1.9718,1.9738,82168.19
2020-12-02 08:00:00,1606867200000,1.9702,2.085,1.9333,2.0188,249865.36
2020-12-02 12:00:00,1606881600000,2.0261,2.065,1.9863,2.0601,178021.69
2020-12-02 16:00:00,1606896000000,2.06,2.0988,2.0363,2.0874,221834.43
2020-12-02 20:00:00,1606910400000,2.0872,2.1498,2.0447,2.1172,645065.97
2020-12-03 00:00:00,1606924800000,2.1178,2.2098,2.091,2.1356,607967.3
2020-12-03 04:00:00,1606939200000,2.1348,2.1348,2.0905,2.1209,300993.73
2020-12-03 08:00:00,1606953600000,2.119,2.1491,2.074,2.1438,199737.49
2020-12-03 12:00:00,1606968000000,2.1438,2.2258,2.1205,2.1803,1283868.86
2020-12-03 16:00:00,1606982400000,2.1816,2.2234,2.1755,2.2072,565070.74
2020-12-03 20:00:00,1606996800000,2.2073,2.2279,2.1048,2.1074,720044.24
2020-12-04 00:00:00,1607011200000,2.1101,2.136,2.08,2.1138,292838.31
2020-12-04 04:00:00,1607025600000,2.1163,2.1217,2.086,2.0967,120802.69
2020-12-04 08:00:00,1607040000000,2.0967,2.1123,2.0061,2.0109,268145.72
2020-12-04 12:00:00,1607054400000,2.0113,2.0785,2.0015,2.0404,179751.5
2020-12-04 16:00:00,1607068800000,2.0404,2.0798,1.9506,1.9507,332045.03
2020-12-04 20:00:00,1607083200000,1.9506,1.9884,1.935,1.9659,240104.21
2020-12-05 00:00:00,1607097600000,1.9646,1.9646,1.9321,1.9449,182942.91
2020-12-05 04:00:00,1607112000000,1.9434,1.9447,1.836,1.8535,221954.02
2020-12-05 08:00:00,1607126400000,1.8507,1.8703,1.82,1.864,342542.33
2020-12-05 12:00:00,1607140800000,1.8659,1.901,1.851,1.8922,166237.9
2020-12-05 16:00:00,1607155200000,1.893,1.9353,1.893,1.9119,180917.59
2020-12-05 20:00:00,1607169600000,1.9132,1.946,1.888,1.935,159537.38
2020-12-06 00:00:00,1607184000000,1.9348,1.9799,1.9262,1.9761,164287.81
2020-12-06 04:00:00,1607198400000,1.9761,1.983,1.9471,1.9795,74475.39
2020-12-06 08:00:00,1607212800000,1.9795,1.9907,1.9181,1.9223,135999.82
2020-12-06 12:00:00,1607227200000,1.9211,1.9381,1.9026,1.9381,84805.38
2020-12-06 16:00:00,1607241600000,1.9381,1.9399,1.8494,1.8768,262611.2
2020-12-06 20:00:00,1607256000000,1.8775,1.8783,1.7956,1.8432,309497.59
2020-12-07 00:00:00,1607270400000,1.8431,1.8621,1.8318,1.8491,127589.83
2020-12-07 04:00:00,1607284800000,1.8496,1.86,1.8389,1.8505,205232.55
2020-12-07 08:00:00,1607299200000,1.8515,1.8535,1.8395,1.8399,90381.14
2020-12-07 12:00:00,1607313600000,1.8396,1.855,1.8349,1.8528,80784.03
2020-12-07 16:00:00,1607328000000,1.852,1.8521,1.8198,1.827,169941.01
2020-12-07 20:00:00,1607342400000,1.8269,1.8926,1.8255,1.8896,295925.16
2020-12-08 00:00:00,1607356800000,1.8902,1.899,1.8145,1.8164,235760.52
2020-12-08 04:00:00,1607371200000,1.8156,1.8341,1.8088,1.8272,89951.84
2020-12-08 08:00:00,1607385600000,1.8301,1.8301,1.7737,1.7916,233526.9
2020-12-08 12:00:00,1607400000000,1.7911,1.8139,1.781,1.7942,197076.67
2020-12-08 16:00:00,1607414400000,1.7918,1.7948,1.6475,1.6792,915327.71
2020-12-08 20:00:00,1607428800000,1.6762,1.7149,1.6551,1.7081,358810.32
2020-12-09 00:00:00,1607443200000,1.7062,1.7623,1.6976,1.7361,232428.82
2020-12-09 04:00:00,1607457600000,1.7357,1.7357,1.6211,1.6631,359495.17
2020-12-09 08:00:00,1607472000000,1.66,1.6729,1.6407,1.6569,246364.49
2020-12-09 12:00:00,1607486400000,1.6584,1.6594,1.5516,1.5516,333570.12
2020-12-09 16:00:00,1607500800000,1.5517,1.6346,1.5,1.6313,830919.18
2020-12-09 20:00:00,1607515200000,1.6293,1.6532,1.6074,1.6461,228971.76
2020-12-10 00:00:00,1607529600000,1.6485,1.6497,1.6,1.6131,266128.9
2020-12-10 04:00:00,1607544000000,1.6128,1.6777,1.6095,1.6592,187544.87
2020-12-10 08:00:00,1607558400000,1.6599,1.6664,1.6151,1.6179,158971.3
2020-12-10 12:00:00,1607572800000,1.6171,1.6266,1.579,1.5922,159911.67
2020-12-10 16:00:00,1607587200000,1.5912,1.6426,1.55,1.5737,222466.32
2020-12-10 20:00:00,1607601600000,1.5715,1.5965,1.5395,1.5661,295539.06
2020-12-11 00:00:00,1607616000000,1.5664,1.6173,1.5592,1.6123,142200.74
2020-12-11 04:00:00,1607630400000,1.6121,1.621,1.5683,1.5683,82336.8
2020-12-11 08:00:00,1607644800000,1.5739,1.5774,1.4888,1.5146,283864.82
2020-12-11 12:00:00,1607659200000,1.5129,1.5235,1.4737,1.5035,128619.62
2020-12-11 16:00:00,1607673600000,1.5049,1.5231,1.4493,1.45,355897.05
2020-12-11 20:00:00,1607688000000,1.45,1.4978,1.4328,1.4934,217304.05
2020-12-12 00:00:00,1607702400000,1.4919,1.4919,1.4529,1.4739,195783.37
2020-12-12 04:00:00,1607716800000,1.475,1.5,1.4367,1.4389,247611.84
2020-12-12 08:00:00,1607731200000,1.4368,1.5194,1.4366,1.4882,272566.32
2020-12-12 12:00:00,1607745600000,1.4873,1.5239,1.4803,1.5051,229270.3
2020-12-12 16:00:00,1607760000000,1.5053,1.5342,1.4942,1.5327,233892.22
2020-12-12 20:00:00,1607774400000,1.5325,1.5382,1.4631,1.4739,322100.78
2020-12-13 00:00:00,1607788800000,1.4758,1.5165,1.4667,1.512,187567.61
2020-12-13 04:00:00,1607803200000,1.512,1.5172,1.4881,1.4912,178243.5
2020-12-13 08:00:00,1607817600000,1.4909,1.4983,1.4702,1.4711,97478.72
2020-12-13 12:00:00,1607832000000,1.4721,1.5218,1.4578,1.5183,150381.59
2020-12-13 16:00:00,1607846400000,1.5183,1.567,1.5171,1.5592,324673.71
2020-12-13 20:00:00,1607860800000,1.5578,1.7,1.5543,1.5848,780811.77
2020-12-14 00:00:00,1607875200000,1.5848,1.6155,1.5848,1.5859,227309.84
2020-12-14 04:00:00,1607889600000,1.5854,1.5869,1.5429,1.5701,168878.8
2020-12-14 08:00:00,1607904000000,1.5651,1.6,1.5411,1.5948,148632.89
2020-12-14 12:00:00,1607918400000,1.5946,1.5981,1.5745,1.5873,138646.62
2020-12-14 16:00:00,1607932800000,1.587,1.6253,1.5331,1.5467,499260.82
2020-12-14 20:00:00,1607947200000,1.5467,1.5809,1.5224,1.563,316450.16
2020-12-15 00:00:00,1607961600000,1.5657,1.566,1.5412,1.5507,139431.65
2020-12-15 04:00:00,1607976000000,1.5504,1.608,1.5411,1.5946,261149.3
2020-12-15 08:00:00,1607990400000,1.594,1.7715,1.5875,1.7368,773140.11
2020-12-15 12:00:00,1608004800000,1.7367,1.7367,1.6527,1.7256,840405.83
2020-12-15 16:00:00,1608019200000,1.7264,1.8039,1.6665,1.7723,749269.48
2020-12-15 20:00:00,1608033600000,1.772,1.7875,1.7142,1.7294,554303.07
2020-12-16 00:00:00,1608048000000,1.7303,1.7645,1.7021,1.747,432704.57
2020-12-16 04:00:00,1608062400000,1.748,1.7623,1.7003,1.7586,212245.8
2020-12-16 08:00:00,1608076800000,1.7577,1.7622,1.6025,1.6278,590098.66
2020-12-16 12:00:00,1608091200000,1.6293,1.687,1.6204,1.6574,286218.64
2020-12-16 16:00:00,1608105600000,1.6593,1.6852,1.6312,1.6391,406570.42
2020-12-16 20:00:00,1608120000000,1.6392,1.7691,1.62,1.7343,702426.84
2020-12-17 00:00:00,1608134400000,1.7343,1.7498,1.6865,1.6985,619018.85
2020-12-17 04:00:00,1608148800000,1.7033,1.7919,1.6944,1.7829,493777.91
2020-12-17 08:00:00,1608163200000,1.78,1.8064,1.6902,1.7104,622820.24
2020-12-17 12:00:00,1608177600000,1.712,1.7437,1.6786,1.7371,388745.68
2020-12-17 16:00:00,1608192000000,1.7388,1.8,1.67,1.7367,567020.53
2020-12-17 20:00:00,1608206400000,1.7367,1.7544,1.7056,1.7375,272305.7
2020-12-18 00:00:00,1608220800000,1.7415,1.7632,1.6587,1.6724,464945.51
2020-12-18 04:00:00,1608235200000,1.6699,1.7028,1.6382,1.68,212222.75
2020-12-18 08:00:00,1608249600000,1.6769,1.6836,1.6307,1.6729,248178.85
2020-12-18 12:00:00,1608264000000,1.6671,1.6877,1.649,1.6802,137946.87
2020-12-18 16:00:00,1608278400000,1.681,1.7077,1.6661,1.6757,247071.83
2020-12-18 20:00:00,1608292800000,1.6781,1.69,1.6343,1.6444,219712.95
2020-12-19 00:00:00,1608307200000,1.6466,1.6867,1.6379,1.6675,162631.27
2020-12-19 04:00:00,1608321600000,1.669,1.7014,1.6622,1.7014,111682.72
2020-12-19 08:00:00,1608336000000,1.6987,1.7522,1.6968,1.748,197131.64
2020-12-19 12:00:00,1608350400000,1.7472,1.7488,1.695,1.7155,226511.85
2020-12-19 16:00:00,1608364800000,1.7177,1.7677,1.7001,1.7493,233327.43
2020-12-19 20:00:00,1608379200000,1.7492,1.7614,1.6841,1.7,313274.16
2020-12-20 00:00:00,1608393600000,1.7045,1.7181,1.675,1.6856,259960.36
2020-12-20 04:00:00,1608408000000,1.6848,1.6901,1.6595,1.6707,101902.52
2020-12-20 08:00:00,1608422400000,1.6706,1.6706,1.632,1.6417,163308.74
2020-12-20 12:00:00,1608436800000,1.6411,1.6698,1.61,1.6681,134911.97
2020-12-20 16:00:00,1608451200000,1.6691,1.6889,1.649,1.6615,146493.46
2020-12-20 20:00:00,1608465600000,1.6609,1.6673,1.6245,1.6447,198633.84
2020-12-21 00:00:00,1608480000000,1.6457,1.647,1.5582,1.5633,277095.49
2020-12-21 04:00:00,1608494400000,1.5625,1.6072,1.521,1.5635,447834.09
2020-12-21 08:00:00,1608508800000,1.5605,1.6193,1.5369,1.6162,230050.45
2020-12-21 12:00:00,1608523200000,1.617,1.62,1.5612,1.6002,162085.66
2020-12-21 16:00:00,1608537600000,1.6002,1.6036,1.5027,1.5133,414873.26
2020-12-21 20:00:00,1608552000000,1.5111,1.5305,1.49,1.5186,163471.04
2020-12-22 00:00:00,1608566400000,1.5189,1.55,1.5186,1.5326,77320.22
2020-12-22 04:00:00,1608580800000,1.5321,1.56,1.5256,1.5331,218177.32
2020-12-22 08:00:00,1608595200000,1.5354,1.5587,1.5117,1.549,187913.5
2020-12-22 12:00:00,1608609600000,1.5472,1.56,1.5,1.5133,212157.27
2020-12-22 16:00:00,1608624000000,1.5119,1.54,1.47,1.5173,553219.29
2020-12-22 20:00:00,1608638400000,1.5182,1.5799,1.5099,1.5506,584301.32
2020-12-23 00:00:00,1608652800000,1.5518,1.5596,1.5175,1.5353,201057.94
2020-12-23 04:00:00,1608667200000,1.5367,1.5474,1.4734,1.49,296809.98
2020-12-23 08:00:00,1608681600000,1.49,1.5126,1.4561,1.4667,267012.64
2020-12-23 12:00:00,1608696000000,1.4658,1.4679,1.3735,1.3972,665279.45
2020-12-23 16:00:00,1608710400000,1.3931,1.4117,1.2867,1.3197,790664.47
2020-12-23 20:00:00,1608724800000,1.3159,1.3845,1.2882,1.295,565699.87
2020-12-24 00:00:00,1608739200000,1.2948,1.3103,1.2776,1.2993,580771.46
2020-12-24 04:00:00,1608753600000,1.2991,1.305,1.0301,1.198,1482128.01
2020-12-24 08:00:00,1608768000000,1.1987,1.2891,1.1652,1.2547,535737.67
2020-12-24 12:00:00,1608782400000,1.2567,1.2922,1.2222,1.2719,221853.28
2020-12-24 16:00:00,1608796800000,1.2719,1.3062,1.251,1.2857,334074.07
2020-12-24 20:00:00,1608811200000,1.2845,1.3213,1.2715,1.3151,272915.88
2020-12-25 00:00:00,1608825600000,1.3151,1.3293,1.2955,1.326,181462.43
2020-12-25 04:00:00,1608840000000,1.3252,1.3888,1.3148,1.3612,238923.74
2020-12-25 08:00:00,1608854400000,1.3641,1.4599,1.3417,1.4257,376805.77
2020-12-25 12:00:00,1608868800000,1.4258,1.4394,1.397,1.418,138425.86
2020-12-25 16:00:00,1608883200000,1.4209,1.45,1.4021,1.4087,205444.56
2020-12-25 20:00:00,1608897600000,1.4111,1.4241,1.3719,1.3811,277052.33
2020-12-26 00:00:00,1608912000000,1.382,1.4337,1.3604,1.4283,305046.0
2020-12-26 04:00:00,1608926400000,1.4249,1.4486,1.4235,1.4464,88558.37
2020-12-26 08:00:00,1608940800000,1.4488,1.4497,1.4248,1.4248,74546.42
2020-12-26 12:00:00,1608955200000,1.4258,1.4263,1.3689,1.3776,80923.07
2020-12-26 16:00:00,1608969600000,1.3764,1.3981,1.3442,1.3789,122561.97
2020-12-26 20:00:00,1608984000000,1.3785,1.3879,1.3398,1.3604,216067.42
2020-12-27 00:00:00,1608998400000,1.3594,1.3963,1.3454,1.3517,236310.44
2020-12-27 04:00:00,1609012800000,1.3492,1.3569,1.3118,1.3258,181783.01
2020-12-27 08:00:00,1609027200000,1.324,1.3397,1.3,1.3188,297302.08
2020-12-27 12:00:00,1609041600000,1.319,1.3261,1.3057,1.3066,158209.65
2020-12-27 16:00:00,1609056000000,1.3081,1.3132,1.28,1.2974,375895.57
2020-12-27 20:00:00,1609070400000,1.2921,1.4014,1.2616,1.4014,737943.46
2020-12-28 00:00:00,1609084800000,1.4012,1.417,1.332,1.3547,357723.25
2020-12-28 04:00:00,1609099200000,1.3534,1.3554,1.2838,1.3037,243824.44
2020-12-28 08:00:00,1609113600000,1.3041,1.3571,1.2867,1.3306,176779.33
2020-12-28 12:00:00,1609128000000,1.3308,1.3636,1.3138,1.3537,218246.24
2020-12-28 16:00:00,1609142400000,1.3548,1.3904,1.35,1.3842,350573.9
2020-12-28 20:00:00,1609156800000,1.3836,1.4152,1.346,1.3943,296705.72
2020-12-29 00:00:00,1609171200000,1.3965,1.4488,1.3922,1.426,303235.89
2020-12-29 04:00:00,1609185600000,1.4258,1.5223,1.425,1.5172,813079.49
2020-12-29 08:00:00,1609200000000,1.5187,1.5582,1.4388,1.4471,542192.7
2020-12-29 12:00:00,1609214400000,1.4467,1.5673,1.4428,1.5461,770243.04
2020-12-29 16:00:00,1609228800000,1.5479,1.6498,1.5224,1.5767,915161.6
2020-12-29 20:00:00,1609243200000,1.5795,1.6276,1.5354,1.5584,653735.07
2020-12-30 00:00:00,1609257600000,1.5562,1.6571,1.5074,1.6515,889664.57
2020-12-30 04:00:00,1609272000000,1.6498,1.735,1.6231,1.6704,1099107.63
2020-12-30 08:00:00,1609286400000,1.6734,1.6903,1.6177,1.6374,257419.19
2020-12-30 12:00:00,1609300800000,1.6375,1.6628,1.5778,1.578,392625.5
2020-12-30 16:00:00,1609315200000,1.5781,1.637,1.5401,1.5787,444974.92
2020-12-30 20:00:00,1609329600000,1.5787,1.5888,1.5388,1.5766,324504.22
2020-12-31 00:00:00,1609344000000,1.5786,1.6104,1.5527,1.5712,430229.26
2020-12-31 04:00:00,1609358400000,1.5739,1.5783,1.5235,1.535,321543.19
2020-12-31 08:00:00,1609372800000,1.5337,1.5426,1.4723,1.4945,478046.65
2020-12-31 12:00:00,1609387200000,1.4945,1.54,1.488,1.5248,267155.9
2020-12-31 16:00:00,1609401600000,1.5235,1.5372,1.4771,1.4912,300438.43
2020-12-31 20:00:00,1609416000000,1.4908,1.5068,1.42,1.4581,491731.99
2021-01-01 00:00:00,1609430400000,1.4573,1.5523,1.4527,1.5495,421842.89
2021-01-01 04:00:00,1609444800000,1.5499,1.5506,1.4906,1.5073,210411.49
2021-01-01 08:00:00,1609459200000,1.5088,1.61,1.499,1.6029,403885.5
2021-01-01 12:00:00,1609473600000,1.6029,1.641,1.5824,1.6196,474938.39
2021-01-01 16:00:00,1609488000000,1.6183,1.649,1.5701,1.6272,458724.27
2021-01-01 20:00:00,1609502400000,1.6275,1.6579,1.5808,1.6463,651745.93
2021-01-02 00:00:00,1609516800000,1.6478,1.8327,1.6155,1.7256,1558078.2
2021-01-02 04:00:00,1609531200000,1.726,1.86,1.7142,1.8421,874619.16
2021-01-02 08:00:00,1609545600000,1.8421,1.9071,1.7244,1.8614,1310461.36
2021-01-02 12:00:00,1609560000000,1.8632,1.8633,1.7453,1.7523,618781.97
2021-01-02 16:00:00,1609574400000,1.7526,1.7954,1.7158,1.7655,603978.54
2021-01-02 20:00:00,1609588800000,1.7638,1.8553,1.7116,1.7793,845519.06
2021-01-03 00:00:00,1609603200000,1.7799,2.0,1.75,1.9176,1152091.72
2021-01-03 04:00:00,1609617600000,1.9188,1.9205,1.7508,1.7999,722986.97
2021-01-03 08:00:00,1609632000000,1.7998,1.95,1.7973,1.9462,532881.9
2021-01-03 12:00:00,1609646400000,1.9467,2.1,1.9143,2.0709,1041262.8
2021-01-03 16:00:00,1609660800000,2.0662,2.38,2.0642,2.2657,2471257.28
2021-01-03 20:00:00,1609675200000,2.2657,2.3384,1.9893,2.0742,2031996.38
2021-01-04 00:00:00,1609689600000,2.074,2.1107,1.8938,1.9638,1213604.29
2021-01-04 04:00:00,1609704000000,1.9638,2.185,1.9472,2.1779,1027338.48
2021-01-04 08:00:00,1609718400000,2.1789,2.4,2.1,2.3094,1697574.43
2021-01-04 12:00:00,1609732800000,2.309,2.3758,2.0827,2.1168,985579.79
2021-01-04 16:00:00,1609747200000,2.1153,2.2138,1.86,2.0429,1753753.05
2021-01-04 20:00:00,1609761600000,2.0429,2.3478,2.0198,2.2786,1089168.53
2021-01-05 00:00:00,1609776000000,2.2757,2.45,2.1179,2.4397,1018018.08
2021-01-05 04:00:00,1609790400000,2.4397,2.4989,2.18,2.4909,1256720.92
2021-01-05 08:00:00,1609804800000,2.4911,2.5093,2.1673,2.1927,1284862.21
2021-01-05 12:00:00,1609819200000,2.1927,2.257,2.0621,2.1864,1418837.77
2021-01-05 16:00:00,1609833600000,2.1867,2.3977,2.1696,2.384,649144.49
2021-01-05 20:00:00,1609848000000,2.3882,2.4096,2.1502,2.1948,1255610.6
2021-01-06 00:00:00,1609862400000,2.1948,2.3473,2.1714,2.2341,869358.05
2021-01-06 04:00:00,1609876800000,2.2385,2.2591,2.1104,2.1636,1224193.87
2021-01-06 08:00:00,1609891200000,2.1636,2.1761,1.9692,1.9893,1419307.32
2021-01-06 12:00:00,1609905600000,1.9893,2.0681,1.9345,2.0192,1533555.23
2021-01-06 16:00:00,1609920000000,2.0165,2.1187,1.9734,2.08,1416605.96
2021-01-06 20:00:00,1609934400000,2.0825,2.189,2.0523,2.0813,1168757.56
2021-01-07 00:00:00,1609948800000,2.0801,2.1265,1.9743,1.981,1473862.55
2021-01-07 04:00:00,1609963200000,1.9754,2.051,1.9017,1.9414,1439440.85
2021-01-07 08:00:00,1609977600000,1.9404,2.45,1.9214,2.1755,3906187.02
2021-01-07 12:00:00,1609992000000,2.1804,2.2785,2.1263,2.1264,861279.9
2021-01-07 16:00:00,1610006400000,2.126,2.3896,2.005,2.2037,7923928.63
2021-01-07 20:00:00,1610020800000,2.2036,2.65,2.1883,2.3834,9917878.64
2021-01-08 00:00:00,1610035200000,2.3831,2.4499,2.1555,2.3626,5474369.74
2021-01-08 04:00:00,1610049600000,2.3629,2.423,2.3283,2.3635,2777362.31
2021-01-08 08:00:00,1610064000000,2.3655,2.4245,2.175,2.2619,3938806.46
2021-01-08 12:00:00,1610078400000,2.2616,2.4295,2.1925,2.4095,3379151.49
2021-01-08 16:00:00,1610092800000,2.4054,3.4,2.193,3.1519,9827803.45
2021-01-08 20:00:00,1610107200000,3.1555,3.8,3.0916,3.2992,7946546.07
2021-01-09 00:00:00,1610121600000,3.3027,3.5437,3.1826,3.2105,2664799.18
2021-01-09 04:00:00,1610136000000,3.2034,3.2496,3.0,3.2214,2109290.02
2021-01-09 08:00:00,1610150400000,3.212,3.2724,3.0407,3.1638,1767362.31
2021-01-09 12:00:00,1610164800000,3.161,3.34,3.0603,3.0834,1621995.99
2021-01-09 16:00:00,1610179200000,3.084,3.344,3.0725,3.1358,1338094.64
2021-01-09 20:00:00,1610193600000,3.1358,3.2401,3.0729,3.1066,725522.43
2021-01-10 00:00:00,1610208000000,3.1011,3.6998,2.93,3.6238,3049052.54
2021-01-10 04:00:00,1610222400000,3.6317,3.6772,3.3642,3.3829,1379160.74
2021-01-10 08:00:00,1610236800000,3.3734,3.6605,3.3151,3.5265,1005418.91
2021-01-10 12:00:00,1610251200000,3.5265,3.7517,3.52,3.733,530032.76
2021-01-10 16:00:00,1610265600000,3.733,3.7353,3.165,3.2501,1433639.64
2021-01-10 20:00:00,1610280000000,3.2501,3.4293,3.2038,3.4137,1079748.33
2021-01-11 00:00:00,1610294400000,3.4153,3.4599,3.2563,3.3251,904865.47
2021-01-11 04:00:00,1610308800000,3.326,3.5,3.1556,3.449,866108.4
2021-01-11 08:00:00,1610323200000,3.4455,3.5282,3.0376,3.1376,1345320.45
2021-01-11 12:00:00,1610337600000,3.1438,3.201,2.8362,2.9946,1282336.11
2021-01-11 16:00:00,1610352000000,2.9991,3.1509,2.8487,2.8589,1618049.62
2021-01-11 20:00:00,1610366400000,2.8648,2.9896,2.667,2.7598,2590287.12
2021-01-12 00:00:00,1610380800000,2.7584,2.9069,2.5795,2.8578,1160835.08
2021-01-12 04:00:00,1610395200000,2.8579,3.1165,2.8206,3.1016,758864.69
2021-01-12 08:00:00,1610409600000,3.1016,3.2799,3.058,3.2708,567930.66
2021-01-12 12:00:00,1610424000000,3.271,3.4999,3.2629,3.3824,871010.7
2021-01-12 16:00:00,1610438400000,3.3824,3.4695,3.293,3.4185,812800.82
2021-01-12 20:00:00,1610452800000,3.4207,3.478,3.15,3.3039,863494.36
2021-01-13 00:00:00,1610467200000,3.3064,3.88,3.3064,3.6777,2619402.26
2021-01-13 04:00:00,1610481600000,3.6754,3.6944,3.4504,3.6354,1341272.88
2021-01-13 08:00:00,1610496000000,3.6354,3.637,3.4425,3.5128,1111127.15
2021-01-13 12:00:00,1610510400000,3.5136,3.5219,3.2633,3.4868,1010576.17
2021-01-13 16:00:00,1610524800000,3.4888,3.4895,3.265,3.3708,721928.25
2021-01-13 20:00:00,1610539200000,3.3656,3.566,3.3264,3.5398,622893.71
2021-01-14 00:00:00,1610553600000,3.5407,3.5604,3.4455,3.4831,629419.33
2021-01-14 04:00:00,1610568000000,3.4831,3.6309,3.392,3.5242,1027711.19
2021-01-14 08:00:00,1610582400000,3.5243,3.5387,3.3616,3.3844,467139.43
2021-01-14 12:00:00,1610596800000,3.3844,3.5,3.3263,3.404,766948.55
2021-01-14 16:00:00,1610611200000,3.4045,3.475,3.3574,3.4219,698842.91
2021-01-14 20:00:00,1610625600000,3.4218,3.5955,3.3645,3.4899,1328853.62
2021-01-15 00:00:00,1610640000000,3.4951,3.5072,3.1814,3.2886,2420209.54
2021-01-15 04:00:00,1610654400000,3.2892,3.3242,3.2,3.2921,740115.68
2021-01-15 08:00:00,1610668800000,3.2921,3.4489,3.2766,3.3278,798486.34
2021-01-15 12:00:00,1610683200000,3.3278,3.3899,3.2443,3.3711,594015.22
2021-01-15 16:00:00,1610697600000,3.3711,3.4213,3.3233,3.3747,744955.94
2021-01-15 20:00:00,1610712000000,3.3715,3.4167,3.09,3.1006,1168855.12
2021-01-16 00:00:00,1610726400000,3.1004,3.1977,2.9618,3.1615,1050704.31
2021-01-16 04:00:00,1610740800000,3.1615,3.2708,3.1284,3.2475,455525.9
2021-01-16 08:00:00,1610755200000,3.2479,3.4622,3.2463,3.453,1055070.94
2021-01-16 12:00:00,1610769600000,3.4507,3.5153,3.3728,3.4574,1046602.74
2021-01-16 16:00:00,1610784000000,3.4611,3.5554,3.4,3.4122,1011764.12
2021-01-16 20:00:00,1610798400000,3.4122,3.4489,3.2769,3.4024,2051766.9
2021-01-17 00:00:00,1610812800000,3.4024,3.649,3.3164,3.5853,2079144.26
2021-01-17 04:00:00,1610827200000,3.5837,3.7081,3.3,3.4247,1318200.67
2021-01-17 08:00:00,1610841600000,3.4251,3.7177,3.3,3.7127,1271138.71
2021-01-17 12:00:00,1610856000000,3.7127,3.8297,3.3511,3.3926,1570363.5
2021-01-17 16:00:00,1610870400000,3.388,3.6085,3.3086,3.6009,900335.45
2021-01-17 20:00:00,1610884800000,3.6009,3.6198,3.4572,3.5505,1212467.87
2021-01-18 00:00:00,1610899200000,3.5567,3.9869,3.524,3.7862,2125369.31
2021-01-18 04:00:00,1610913600000,3.7881,3.9876,3.7567,3.8268,1452224.97
2021-01-18 08:00:00,1610928000000,3.8243,3.8997,3.6167,3.7607,1535188.71
2021-01-18 12:00:00,1610942400000,3.7582,4.0254,3.7204,4.0138,896092.67
2021-01-18 16:00:00,1610956800000,4.0084,4.17,3.86,3.9122,1607917.26
2021-01-18 20:00:00,1610971200000,3.9128,4.0288,3.8517,3.9574,1039737.78
2021-01-19 00:00:00,1610985600000,3.9654,4.0359,3.865,3.9021,503583.23
2021-01-19 04:00:00,1611000000000,3.9045,3.9146,3.7487,3.7868,644405.12
2021-01-19 08:00:00,1611014400000,3.7873,4.0498,3.7508,3.961,730198.32
2021-01-19 12:00:00,1611028800000,3.9609,4.01,3.7731,3.8123,1126732.67
2021-01-19 16:00:00,1611043200000,3.8123,3.9493,3.81,3.9,723466.29
2021-01-19 20:00:00,1611057600000,3.9,3.91,3.8,3.8336,636871.41
2021-01-20 00:00:00,1611072000000,3.8336,3.8578,3.6,3.6295,1028534.17
2021-01-20 04:00:00,1611086400000,3.6316,3.72,3.6059,3.6287,522916.91
2021-01-20 08:00:00,1611100800000,3.6288,3.7286,3.5273,3.5447,750933.87
2021-01-20 12:00:00,1611115200000,3.5447,3.6278,3.5347,3.6119,388910.98
2021-01-20 16:00:00,1611129600000,3.6117,3.6269,3.3627,3.4125,1208978.64
2021-01-20 20:00:00,1611144000000,3.4125,3.6275,3.34,3.5158,1344620.82
2021-01-21 00:00:00,1611158400000,3.5144,3.6839,3.4448,3.674,594294.43
2021-01-21 04:00:00,1611172800000,3.674,3.7413,3.642,3.7166,513901.54
2021-01-21 08:00:00,1611187200000,3.7199,3.7411,3.5041,3.53,675102.98
2021-01-21 12:00:00,1611201600000,3.5268,3.5937,3.51,3.551,300264.81
2021-01-21 16:00:00,1611216000000,3.5579,3.5579,3.365,3.4842,831118.26
2021-01-21 20:00:00,1611230400000,3.4841,3.5041,3.3,3.3077,913873.6
2021-01-22 00:00:00,1611244800000,3.3052,3.3843,3.2374,3.3156,729203.69
2021-01-22 04:00:00,1611259200000,3.3154,3.3231,2.9717,2.9899,936275.28
2021-01-22 08:00:00,1611273600000,2.9893,3.1939,2.5295,3.1587,2279174.59
2021-01-22 12:00:00,1611288000000,3.1586,3.1885,3.0134,3.0813,1576326.36
2021-01-22 16:00:00,1611302400000,3.0959,3.2268,3.0552,3.2165,552504.73
2021-01-22 20:00:00,1611316800000,3.2164,3.45,3.2061,3.3916,911538.45
2021-01-23 00:00:00,1611331200000,3.3902,3.4992,3.3479,3.4243,721471.3
2021-01-23 04:00:00,1611345600000,3.4302,3.4377,3.304,3.3352,440487.22
2021-01-23 08:00:00,1611360000000,3.3302,3.4233,3.3056,3.4226,257782.62
2021-01-23 12:00:00,1611374400000,3.4187,3.5555,3.4098,3.5515,473536.42
2021-01-23 16:00:00,1611388800000,3.554,3.6,3.4414,3.457,617428.74
2021-01-23 20:00:00,1611403200000,3.4514,3.55,3.4476,3.4722,407312.36
2021-01-24 00:00:00,1611417600000,3.4806,3.5364,3.4577,3.514,270622.13
2021-01-24 04:00:00,1611432000000,3.5183,3.55,3.4637,3.5079,242772.43
2021-01-24 08:00:00,1611446400000,3.5018,3.5771,3.4781,3.5555,276770.64
2021-01-24 12:00:00,1611460800000,3.5555,3.7292,3.5472,3.725,615921.16
2021-01-24 16:00:00,1611475200000,3.7276,3.79,3.7018,3.7419,363953.24
2021-01-24 20:00:00,1611489600000,3.745,3.7559,3.5674,3.5936,479798.29
2021-01-25 00:00:00,1611504000000,3.5987,3.641,3.5205,3.55,439349.48
